Title,Genre,Rating,Voting,Duration
Kraven the Hunter,Action,5.4,0,127
Gladiator II,Action,6.5,0,148
Sonic the Hedgehog 3,Action,6.9,0,110
Venom: The Last Dance,Action,6.0,0,110
Dune: Part Two,Action,8.5,0,166
Pushpa: The Rule - Part 2,Action,6.1,0,201
William Tell,Action,5.7,0,133
Elevation,Action,5.6,0,91
The Lord of the Rings: The War of the Rohirrim,Action,6.3,0,134
The Ministry of Ungentlemanly Warfare,Action,6.8,0,122
Furiosa: A Mad Max Saga,Action,7.5,0,148
Deadpool & Wolverine,Action,7.6,0,128
Borderlands,Action,4.7,0,101
Hellboy: The Crooked Man,Action,4.5,0,99
Twisters,Action,6.5,0,122
Civil War,Action,7.0,0,109
Old Guy,Action,5.1,0,94
The Count of Monte-Cristo,Action,7.6,0,178
The Beekeeper,Action,6.3,0,105
Carry-On,Action,6.5,0,119
Marco,Action,6.9,0,145
The Fall Guy,Action,6.8,0,126
Rebel Ridge,Action,6.8,0,131
Homestead,Action,5.4,0,112
The Crow,Action,4.7,0,111
Thelma,Action,7.0,0,98
Kingdom of the Planet of the Apes,Action,6.9,0,145
Road House,Action,6.2,0,121
Red One,Action,6.3,0,123
Transformers One,Action,7.6,0,104
Solo Leveling: ReAwakening,Action,8.8,0,121
Bad Boys: Ride or Die,Action,6.5,0,115
Love Lies Bleeding,Action,6.6,0,104
Damsel,Action,6.1,0,110
Land of Bad,Action,6.6,0,113
The Killer's Game,Action,5.8,0,104
Argylle,Action,5.6,0,139
Madame Web,Action,4.0,0,116
Godzilla x Kong: The New Empire,Action,6.1,0,115
Dirty Angels,Action,4.3,0,104
The Union,Action,5.4,0,107
Monkey Man,Action,6.8,0,121
Aftermath,Action,5.1,0,97
Azrael,Action,5.4,0,86
Freaky Tales,Action,6.5,0,106
Attack on Titan the Movie: The Last Attack,Action,9.2,0,145
Drive-Away Dolls,Action,5.4,0,84
Werewolves,Action,4.4,0,93
Uglies,Action,4.7,0,100
Kung Fu Panda 4,Action,6.3,0,94
Absolution,Action,5.2,0,112
Arcadian,Action,5.5,0,92
Blitz,Action,6.2,0,120
The Instigators,Action,6.2,0,101
Lift,Action,5.5,0,107
Beverly Hills Cop: Axel F,Action,6.4,0,118
The Killer,Action,5.7,0,126
Hitpig,Action,5.1,0,86
Apocalypse Z: The Beginning of the End,Action,6.1,0,117
The Silent Hour,Action,6.1,0,99
Maharaja,Action,8.4,0,141
Classified,Action,3.6,0,105
Kalki 2898 AD,Action,7.0,0,180
Descendants: The Rise of Red,Action,4.7,0,91
Brothers,Action,5.4,0,89
Atlas,Action,5.6,0,118
Canary Black,Action,5.4,0,101
Baby John,Action,5.4,0,159
Survive,Action,4.6,0,90
Long Gone Heroes,Action,5.2,0,101
Weekend in Taipei,Action,5.7,0,100
Watchmen: Chapter I,Action,7.0,0,83
Rebel Moon - Part Two: The Scargiver,Action,5.3,0,122
Gunner,Action,3.2,0,106
Hagen,Action,6.1,0,139
Jackpot!,Action,5.8,0,106
Cash Out,Action,4.8,0,92
Under Paris,Action,5.2,0,104
Levels,Action,5.0,0,93
Dominique,Action,5.2,0,100
The Shadow Strays,Action,6.5,0,144
Armor,Action,3.5,0,89
Trigger Warning,Action,4.6,0,106
Agents,Action,3.6,0,82
Twilight of the Warriors: Walled In,Action,7.0,0,126
Aavesham,Action,7.8,0,155
Hounds of War,Action,4.5,0,95
Boneyard,Action,4.1,0,96
Jacob Tyler,Action,4.7,0,133
Chief of Station,Action,4.7,0,97
Take Cover,Action,5.1,0,90
No Way Up,Action,4.6,0,90
Agent Recon,Action,2.4,0,85
Red Right Hand,Action,5.5,0,111
11 Rebels,Action,6.2,0,155
Watchmen: Chapter II,Action,7.0,0,90
Megamind vs. The Doom Syndicate,Action,2.5,0,83
Sunray: Fallen Soldier,Action,4.3,0,115
Night Call,Action,6.8,0,97
Singham Again,Action,4.8,0,144
Damaged,Action,4.7,0,97
Amaran,Action,8.2,0,167
Role Play,Action,5.5,0,100
Vanvaas,Action,6.7,0,160
Trouble,Action,6.2,0,98
Echo 8,Action,3.9,0,96
Rifle Club,Action,7.0,0,113
Dark Match,Action,5.5,0,94
"I, the Executioner",Action,6.3,0,118
Prey,Action,3.7,0,86
Code 8: Part II,Action,5.7,0,100
My Hero Academia: You're Next,Action,7.0,0,110
Justice League: Crisis on Infinite Earths - Part One,Action,6.2,0,93
City Hunter,Action,6.3,0,102
Uprising,Action,6.6,0,126
River of Blood,Action,5.4,0,86
My Spy: The Eternal City,Action,5.7,0,112
Duchess,Action,4.6,0,114
Harbin,Action,6.5,0,108
Max,Action,7.1,0,132
Badland Hunters,Action,5.9,0,107
The Courier,Action,6.0,0,101
Justice League: Crisis on Infinite Earths - Part Three,Action,6.1,0,94
The Tiger's Apprentice,Action,5.7,0,84
Sikandar Ka Muqaddar,Action,6.0,0,142
Drive Back,Action,4.7,0,94
The Lost Tiger,Action,7.8,0,90
The Price of Money: A Largo Winch Adventure,Action,5.0,0,100
The Fix,Action,4.6,0,98
Joe Baby,Action,7.9,0,86
The Roundup: Punishment,Action,6.6,0,109
One More Shot,Action,5.4,0,103
Arena Wars,Action,4.9,0,96
Mafia Wars,Action,3.4,0,94
Raayan,Action,6.5,0,145
Elyas,Action,6.1,0,105
Fighter,Action,6.2,0,166
Striking Rescue,Action,5.6,0,106
Lights Out,Action,4.9,0,90
Article 370,Action,7.8,0,158
Devara Part 1,Action,6.0,0,176
200% Wolf,Action,6.0,0,98
Officer Black Belt,Action,6.8,0,108
Simarik,Action,6.4,0,111
Demon Slayer: Kimetsu No Yaiba - To the Hashira Training,Action,7.1,0,104
Air Force One Down,Action,4.4,0,84
The Wages of Fear,Action,4.6,0,104
The Prosecutor,Action,6.8,0,117
Kill Em All 2,Action,4.1,0,88
The Quiet Ones,Action,6.5,0,110
Khadaan,Action,7.4,0,137
Darkness of Man,Action,4.8,0,109
Operation Blood Hunt,Action,3.4,0,93
Rats!,Action,7.9,0,85
Ultraman: Rising,Action,6.9,0,117
Jigra,Action,6.0,0,153
One Fast Move,Action,5.0,0,108
Angels Fallen: Warriors of Peace,Action,4.9,0,103
The Last Kumite,Action,4.6,0,105
Murder Company,Action,3.7,0,86
Panda Plan,Action,5.1,0,99
Karma,Action,8.1,0,167
Bougainvillea,Action,6.4,0,138
Golden Kamuy,Action,6.3,0,127
Cloud,Action,6.3,0,123
Pani,Action,6.9,0,143
Utopia,Action,3.6,0,91
Latency,Action,4.2,0,94
The Thundermans Return,Action,5.0,0,70
Death Whisperer 2,Action,6.4,0,110
Dan Da Dan: First Encounter,Action,8.2,0,83
Everybody Loves Jenifa,Action,8.4,0,135
Justice League: Crisis on Infinite Earths - Part Two,Action,5.5,0,94
Sucha Soorma,Action,6.5,0,136
Freedom,Action,5.9,0,110
WWII: Operation Phoenix,Action,6.6,0,106
Anaconda,Action,4.9,0,84
The Family Star,Action,5.4,0,159
My Fathers' Daughter,Action,6.6,0,78
Die Hart 2: Die Harter,Action,4.3,0,92
Life After Fighting,Action,6.4,0,126
Hanu Man,Action,7.7,0,158
Ferry 2,Action,5.6,0,94
Wynonna Earp: Vengeance,Action,5.6,0,96
Fight Another Day,Action,5.1,0,97
Wanted Man,Action,4.8,0,85
Hijack 1971,Action,6.8,0,100
Terminator: Skynet Rising,Action,6.9,0,88
The Greatest of All Time,Action,5.7,0,183
Alien: Rubicon,Action,2.4,0,86
Zero,Action,6.1,0,88
Saripodhaa Sanivaaram,Action,7.0,0,166
The Clean Up Crew,Action,4.1,0,95
Sixty Minutes,Action,5.7,0,88
Escape,Action,6.4,0,94
Razakar: The Silent Genocide of Hyderabad,Action,7.4,0,166
Outlaw,Action,5.2,0,82
Viduthalai Part 2,Action,8.0,0,170
Revolver,Action,5.4,0,114
Snow White and the Seven Samurai,Action,3.2,0,88
The Ballad of Davy Crockett,Action,4.6,0,96
The Hangman,Action,3.3,0,92
Savi,Action,6.2,0,126
Agni,Action,7.3,0,122
Spiders on a Plane,Action,5.6,0,78
"Love, Courage and the Battle of Bushy Run",Action,5.0,0,113
A Legend,Action,4.7,0,129
Kanguva,Action,4.5,0,152
Baby Invasion,Action,4.9,0,80
Handsome Guys,Action,6.5,0,101
72 Hours,Action,4.1,0,87
Cells at Work!,Action,6.8,0,109
The Slave and the Sorcerer,Action,6.7,0,86
Heart of the Hunter,Action,4.7,0,105
Bagheera,Action,6.7,0,158
Chandu Champion,Action,7.8,0,142
The Last Front,Action,5.5,0,98
London Calling,Action,7.5,0,109
The Lockdown,Action,4.3,0,117
Vettaiyan,Action,7.0,0,163
Cassino in Ischia,Action,4.4,0,113
Vedaa,Action,6.0,0,145
40 Acres,Action,6.5,0,113
Overlord: The Sacred Kingdom,Action,7.0,0,135
Nice Girls,Action,4.2,0,92
Roadkill,Action,3.6,0,90
Crosspoint,Action,7.2,0,100
A.R.M,Action,7.1,0,150
Don't Mess with Grandma,Action,6.0,0,81
GTMax,Action,5.0,0,100
Invasion,Action,4.8,0,91
Get Fast,Action,3.6,0,88
Big Rage,Action,3.6,0,115
Mura,Action,7.3,0,129
Alangu,Action,8.3,0,131
12 to Midnight,Action,3.6,0,96
Non Negotiable,Action,5.4,0,87
War of the Worlds: Extinction,Action,3.0,0,84
Mission: Cross,Action,6.1,0,105
How to Rob a Bank,Action,6.6,0,88
Cesium Fallout,Action,6.7,0,136
Dharmarakshak Mahaveer Chhatrapati Sambhaji Maharaj,Action,8.2,0,174
The Last Ronin,Action,4.8,0,121
Toofan,Action,7.1,0,145
12 Gaun,Action,6.3,0,147
Continental Split,Action,3.5,0,88
Black Heat,Action,8.9,0,93
Guntur Kaaram,Action,5.4,0,159
Devil's Knight,Action,5.4,0,90
Thangalaan,Action,6.6,0,156
The Twisters,Action,2.5,0,86
Bade Miyan Chote Miyan,Action,3.8,0,163
Paradox Effect,Action,6.1,0,87
Bionic,Action,4.3,0,110
Yolo,Action,6.9,0,129
High Forces,Action,5.8,0,119
School of Magical Animals 3,Action,5.9,0,105
The Last of Us: Immunity,Action,6.3,0,64
Kingdom 4: Return of the Great General,Action,7.1,0,145
Bachhala Malli,Action,8.3,0,140
Crakk: Jeetega... Toh Jiyegaa,Action,4.7,0,154
UI,Action,6.9,0,135
Escape from the 21st Century,Action,6.5,0,98
Taken from Rio Bravo,Action,3.0,0,80
Sector 17,Action,7.4,0,146
Diabel,Action,5.1,0,108
Art of Eight Limbs,Action,4.0,0,101
Eye for an Eye 2,Action,6.5,0,90
The Charisma Killers,Action,6.2,0,101
Pimpinero: Blood and Oil,Action,5.6,0,121
Yodha,Action,5.7,0,130
Ryan's World the Movie: Titan Universe Adventure,Action,1.8,0,80
Je Jatt Vigarh Gya,Action,5.7,0,132
Blade of Fury,Action,6.1,0,90
Ka Whawhai Tonu,Action,7.4,0,115
The Friendly,Action,8.1,0,101
Dange,Action,5.3,0,154
The Firefighters,Action,5.8,0,106
Alienoid: The Return to the Future,Action,6.5,0,122
Hunting with Tigers,Action,5.6,0,109
Paradise,Action,6.9,0,83
Devaki Nandana Vasudeva,Action,8.9,0,128
Deaner '89,Action,5.9,0,90
Hellhound,Action,4.3,0,103
Bloodline,Action,9.2,0,80
Auron Mein Kahan Dum Tha,Action,6.6,0,150
Shark Warning,Action,3.4,0,94
Jathara,Action,6.4,0,129
Nothing Even Matters,Action,5.5,0,90
Snatched,Action,4.9,0,101
No Time to Spy: A Loud House Movie,Action,6.4,0,81
Memes & Nightmares,Action,5.7,0,81
Operation Undead,Action,4.6,0,110
Fyre Rises,Action,6.5,0,110
Witch Hunter,Action,5.2,0,80
Mr. Bachchan,Action,3.6,0,150
Bureau 749,Action,4.1,0,123
Martin,Action,2.3,0,147
The Unbreakable Bunch,Action,7.1,0,0
Ayalaan,Action,6.0,0,155
Rajakili,Action,7.7,0,122
Crisis Negotiators,Action,6.7,0,120
Yudhra,Action,5.0,0,142
Baby Assassins: Nice Days,Action,7.3,0,103
Bangkok Dog,Action,6.3,0,85
Sorgavaasal,Action,6.6,0,138
The Actor,Action,3.3,0,128
Tillu Square,Action,6.6,0,137
Mummy Shark,Action,2.0,0,66
Eagle,Action,5.9,0,159
Orang Ikan,Action,6.5,0,83
Zebra,Action,8.0,0,164
S.T.A.L.K.E.R.: Shadow of the Zone,Action,5.2,0,72
Customs Frontline,Action,5.4,0,115
Rogue Elements: A Ryan Drake Story,Action,4.9,0,0
The Kingdom,Action,7.9,0,133
Pottel,Action,8.3,0,148
Lady Scorpions,Action,3.6,0,101
Fighting the Fire,Action,8.6,0,115
Ballistic,Action,2.3,0,95
(Pri)sons,Action,5.1,0,100
Xiong Shi Shao Nian 2,Action,7.5,0,134
Rendel: Cycle of Revenge,Action,3.6,0,99
Mobile Suit Gundam SEED Freedom,Action,6.6,0,124
Gandhi 3,Action,5.5,0,143
Conquer: Lahad Datu,Action,6.7,0,120
Siren,Action,6.4,0,154
Raqa,Action,5.9,0,107
Garudan,Action,7.1,0,133
Road Wars: Max Fury,Action,2.0,0,83
Clone Cops,Action,8.1,0,96
Reloaded 2,Action,8.0,0,0
Barroz: Guardian of Treasures,Action,3.5,0,155
Kuang Bao Ju Xi,Action,6.1,0,75
Baki Hanma VS Kengan Ashura,Action,5.7,0,62
Abudeka Is Back,Action,5.3,0,120
Rode College,Action,6.6,0,168
Buddy,Action,3.8,0,137
Ape X Mecha Ape: New World Order,Action,2.7,0,87
Kahar: Kapla High Council,Action,7.0,0,102
Aserb: The Squadron,Action,5.2,0,120
Bangkok Breaking: Heaven and Hell,Action,5.8,0,146
Kamen Rider 555 20th: Paradise Regained,Action,5.9,0,65
Bonus Trip,Action,4.6,0,113
Stranded Pearl,Action,6.0,0,90
Turbo,Action,5.9,0,155
Exorcism Chronicles: The Beginning,Action,7.0,0,85
Ghosts of Red Ridge,Action,3.3,0,81
Desperado,Action,5.9,0,100
Drive,Action,5.7,0,90
The Mick and the Trick,Action,5.0,0,96
Love You to Debt,Action,6.2,0,135
Mission: Chapter 1,Action,5.9,0,144
Bhaiyya Ji,Action,4.8,0,150
Premalo,Action,7.3,0,128
Sheriff,Action,6.9,0,133
Kill Craft,Action,2.3,0,99
Mechanic Rocky,Action,6.5,0,156
Anchakkallakokkan,Action,6.6,0,126
The Miranda Brothers,Action,4.4,0,99
Operation Valentine,Action,5.3,0,133
Prepare to Die,Action,4.6,0,93
Naam,Action,6.4,0,136
Big City Greens the Movie: Spacecation,Action,6.2,0,0
Sayen: The Huntress,Action,4.4,0,88
Neon Fear,Action,6.2,0,0
Ship of the Damned,Action,2.8,0,88
Rang De Basanti,Action,8.8,0,174
The Infallibles,Action,4.8,0,99
Oru Anveshanathinte Thudakkam,Action,7.1,0,181
Captain Miller,Action,6.5,0,157
Spirit Riser,Action,6.7,0,98
Camp Blood: Clown Shark,Action,3.3,0,70
Bhaje Vaayu Vegam,Action,6.1,0,136
Kung Fu Games,Action,3.3,0,98
Hrashwo Deergha,Action,7.9,0,150
Troubleshooters,Action,6.7,0,110
Sasan,Action,8.5,0,155
Bidurbhai,Action,9.2,0,148
Ruslaan,Action,3.3,0,120
Samandar,Action,7.6,0,172
Sentimentaaal,Action,5.8,0,135
The Grey Men,Action,6.5,0,97
Losing Lerato 2,Action,9.1,0,96
Mother Mafia,Action,3.3,0,80
Sabari,Action,8.4,0,129
Ghost Killer,Action,7.2,0,105
They Call Her Death,Action,6.5,0,92
Pusaka,Action,6.4,0,90
Yuva,Action,5.8,0,153
Saindhav,Action,5.0,0,138
How to Make a Werewolf,Action,5.6,0,0
Angel of the Warrior,Action,8.5,0,90
Breaking and Re-entering,Action,5.8,0,109
Cholo Zombies,Action,4.7,0,96
Bandaa Singh Chaudhary,Action,6.3,0,113
Taklee Genesis x Worlds Collide,Action,5.5,0,146
Hunt the Wicked,Action,5.3,0,102
Buying Time,Action,7.0,0,84
The Burden of Nine Lives,Action,4.8,0,116
The Circuit 4: Faith Fighter,Action,4.4,0,90
The Traveller,Action,5.2,0,134
KA,Action,7.2,0,151
Six jours,Action,6.3,0,95
Bull Shark 2,Action,2.9,0,75
Where Is Gilgamesh?,Action,9.0,0,90
Game On,Action,5.3,0,140
Matka,Action,4.7,0,156
Mazhai Pidikatha Manithan,Action,4.5,0,133
The Bouncer,Action,4.2,0,78
Touchdown,Action,6.8,0,78
Gold Raiders,Action,2.0,0,88
Captain Avispa,Action,5.8,0,96
September Babies,Action,6.2,0,94
Alien Country,Action,4.4,0,96
Bad Boyz,Action,4.6,0,150
Pranaya Godari,Action,7.9,0,148
Mercy Killing,Action,8.7,0,131
The Alexandrian,Action,3.9,0,104
Bohurupi,Action,8.3,0,155
Nu Huo 12 Xiao Shi,Action,6.0,0,86
American Underdog,Action,8.8,0,89
First Nights at Freddy's,Action,9.3,0,98
Gone with the Dead,Action,4.4,0,96
Bastar: The Naxal Story,Action,6.4,0,124
Bhairadevi,Action,8.8,0,134
Citizen of a Kind,Action,6.7,0,114
Texas Twister,Action,2.5,0,88
Appudo Ippudo Eppudo,Action,4.7,0,120
Kiyma: Orman Kanunlari,Action,4.3,0,81
Thiragabadara Saami,Action,6.5,0,115
Sons of Rizk 3,Action,6.7,0,125
Tòkunbò,Action,3.9,0,113
Dragon Ball Z Kai,Action,8.4,0,82
Kizumonogatari: Koyomi Vamp,Action,7.0,0,144
Purushothamudu,Action,4.9,0,120
Election,Action,5.9,0,120
The Desperate Chase,Action,5.5,0,110
Joachim and the Apocalypse,Action,7.2,0,90
Ajay Gadu,Action,7.3,0,108
Correr para Vivir,Action,7.0,0,97
The Evil Three,Action,7.1,0,0
Sous écrous,Action,5.3,0,111
The Plot,Action,4.8,0,100
The Last Chainsaw Massacre,Action,4.0,0,75
Checkmate,Action,4.3,0,104
Anthima Theerpu,Action,8.1,0,133
In Tenebras: Into the Darkness,Action,3.2,0,90
Mathu Vadalara 2,Action,7.0,0,139
Artist Unknown,Action,9.2,0,82
Guy Manley: Super Spy,Action,4.5,0,92
24 Hours to D-Day,Action,4.7,0,83
I Heart Robots,Action,4.6,0,76
The Moon Thieves,Action,6.2,0,108
Major Grom: The Game,Action,6.1,0,168
Stuntman,Action,7.0,0,114
Hit List,Action,5.5,0,125
Dirty Money,Action,5.7,0,100
Por,Action,5.0,0,154
Virunnu,Action,7.9,0,125
Dünya Mali: Eksi Bir,Action,7.2,0,133
Sikaar,Action,8.3,0,150
Neo-Dome,Action,6.6,0,0
Türkler Çildirmis Olmali 2: Mavi Vatan,Action,2.2,0,100
Permafrost,Action,5.7,0,80
Polar,Action,4.4,0,76
Death Game,Action,6.3,0,88
Dark Fusion,Action,8.5,0,90
Go for Broke,Action,5.7,0,115
Saint Young Men: Holy Men vs Demon Army,Action,3.0,0,93
Mutant,Action,4.5,0,90
Tariq,Action,6.9,0,122
Anunnakiler,Action,2.5,0,76
Rob N Roll,Action,6.1,0,98
Deadzone,Action,4.2,0,80
Young Lion of the West,Action,8.1,0,93
Komandir,Action,6.3,0,131
Petta Rap,Action,4.2,0,123
Saala,Action,5.9,0,130
Dangerous Boys 2,Action,5.1,0,115
Kondal,Action,5.4,0,147
Honeko Akabane's Bodyguards,Action,5.9,0,117
UmroAyyar - A New Beginning,Action,6.9,0,135
Mahadev Ka Gorakhpur,Action,7.8,0,131
Naag Bhoomi,Action,5.7,0,130
Iddaru,Action,9.1,0,148
The Epidemic,Action,5.8,0,95
Chasing Raine,Action,2.3,0,101
Ameena,Action,6.3,0,107
Bonnie,Action,7.4,0,120
Joshua: Imai Pol Kaka,Action,4.5,0,130
Black Storm,Action,6.6,0,97
Average Student Nani,Action,8.0,0,138
Star Abyss,Action,3.8,0,86
Shark Island,Action,4.0,0,81
Next to Us,Action,4.9,0,125
Die Chaosschwestern und Pinguin Paul,Action,5.7,0,100
The Wild Blade of Strangers,Action,6.2,0,102
The Experts,Action,6.2,0,121
Jithender Reddy,Action,9.5,0,136
SCP: The Infinite Mission,Action,5.8,0,0
Breaking Tradition,Action,7.0,0,87
The Omicron Killer,Action,2.9,0,98
Death Bitch,Action,7.5,0,88
Wonderful Precure! The Movie! Doki Doki Game no Sekai de Daiboken,Action,6.8,0,71
London Gangsters,Action,4.3,0,104
6 Hours Away,Action,3.9,0,93
Mongol,Action,8.6,0,155
South Side Hero,Action,5.4,0,92
Formed Police Unit,Action,4.6,0,120
Yakuza Girl,Action,2.3,0,82
Chaari 111,Action,4.8,0,130
Surrender,Action,7.8,0,149
Warning 2,Action,7.1,0,125
Spider-Man: Final Swing,Action,8.4,0,153
The Drunken Prodigy,Action,5.6,0,107
Fuuto PI: Portrait of Kamen Rider Skull,Action,7.6,0,82
The Captives,Action,3.5,0,73
Rathnam,Action,5.4,0,155
Kamen Rider Gotchard: The Future Daybreak,Action,8.0,0,63
Inkabi,Action,4.7,0,101
Double Ismart,Action,2.9,0,156
Iron Fighter,Action,3.6,0,80
Raanti,Action,6.5,0,115
Lisabi: The Uprising,Action,6.4,0,107
Jorge da Capadócia,Action,6.4,0,119
Hell City,Action,9.1,0,90
Gam Gam Ganesha,Action,5.3,0,140
Onsen shâku,Action,6.0,0,70
Brattt,Action,4.7,0,117
Rocky and Bullwinkle,Action,9.7,0,100
Nasha Jurm Aur Gangsters,Action,7.0,0,137
The Vampire and the Vigilante,Action,3.7,0,75
What Happens in Miami,Action,4.3,0,90
Lie Zhan,Action,6.9,0,93
Shu Si Yi Bo,Action,6.6,0,91
Bheema,Action,5.8,0,148
Haraa,Action,5.5,0,136
Hain,Action,2.9,0,95
Shekko,Action,6.0,0,120
Nintama Rantaro Dokutake Ninja-tai Saikyou no Gunshi,Action,6.8,0,90
Karma,Action,4.5,0,111
Viswam,Action,4.3,0,155
Marni: The Story of Wewe Gombel,Action,5.9,0,119
GATAO: Like Father Like Son,Action,6.8,0,100
Thankamani,Action,4.6,0,156
Runner,Action,5.7,0,90
Harom Hara,Action,7.7,0,154
Lal Salaam,Action,4.5,0,150
Sacrum Vindictae II,Action,4.8,0,114
Naa Saami Ranga,Action,4.5,0,150
Hiranya,Action,5.7,0,138
Gangs of Godavari,Action,5.0,0,165
"Silex and the City, le film",Action,4.9,0,77
Appu,Action,8.6,0,92
Heavens: The Boy and His Robot,Action,6.3,0,98
Hide and Seek,Action,8.2,0,130
The Worlds Divide,Action,8.0,0,120
Usha Parinayam,Action,9.0,0,144
Dr. Jason II - Lights & Shadows,Action,5.3,0,62
Uninvited,Action,6.7,0,93
Kill the Children first,Action,7.8,0,106
The Heist,Action,6.9,0,120
Surge of Power: Where There's Smoke,Action,6.5,0,68
Mega Twister,Action,2.5,0,75
The Escapee 3: The Final Escape,Action,2.7,0,83
Itutumba ka ng tatay ko,Action,5.7,0,109
Killer Ex,Action,3.9,0,94
Rebel,Action,3.2,0,100
Genis Aile 4: Cevahir & Ulvi,Action,6.9,0,90
Love You as the World Ends Final,Action,6.5,0,115
Agastya - Chapter 1,Action,6.9,0,168
Ultraman Blazar the Movie: Tokyo Kaiju Showdown,Action,7.5,0,75
Wolf Warriors,Action,8.1,0,0
Cândido,Action,6.3,0,99
Midas,Action,4.6,0,85
The Day Everything Changed,Action,7.9,0,97
Sunfall,Action,2.6,0,74
Kali,Action,5.1,0,96
Malaikottai Vaaliban,Action,6.0,0,156
Malayalee from India,Action,5.6,0,160
Pariah Volume 1: Every Street Dog Has a Name,Action,6.9,0,138
Yao Shen Ling,Action,6.7,0,93
Ame no naka no yokujô,Action,6.0,0,132
Weapon,Action,5.5,0,120
Rock 'n' Roll Ringo,Action,6.4,0,101
Fights Break Sphere 3,Action,4.7,0,81
Kamen Rider Geats: Jyamato Awaking,Action,7.9,0,0
Aho Vikramaarka,Action,7.4,0,136
Second Life,Action,6.9,0,105
Gravediggers,Action,6.7,0,91
Zénithal,Action,5.3,0,80
Sarangadhariya,Action,8.6,0,150
The Very Last Christmas,Action,8.5,0,75
Usire Usire,Action,7.5,0,151
Thundu,Action,5.0,0,125
Hitler,Action,5.2,0,128
The Bodyguard,Action,6.6,0,87
Panjab Files,Action,7.9,0,117
Red vs. Blue: Restoration,Action,5.6,0,85
Vorovka,Action,4.9,0,90
Marine Drive,Action,9.5,0,105
Holy Punch,Action,5.2,0,98
Telekinesis,Action,5.9,0,106
Charlotte Link - Ohne Schuld,Action,5.5,0,89
Kade,Action,6.5,0,92
Jigar,Action,7.1,0,122
Chinatown Chacha,Action,5.1,0,103
Roxana,Action,4.0,0,98
Max Beyond,Action,6.6,0,93
Mirg,Action,6.3,0,83
Speed 220,Action,6.8,0,114
Achilles Curse and the Curse of Treasure,Action,7.4,0,125
Athhoi,Action,8.0,0,158
Krishnamma,Action,6.2,0,138
Hakkenden,Action,5.8,0,149
The Bottom Line,Action,7.0,0,107
Halloween: Mal Eterno,Action,8.3,0,0
Purushothamudu,Action,7.7,0,120
Tokusou Sentai Dekaranger 20th: Fireball Booster,Action,7.1,0,0
Tales Beyond the Galaxy,Action,5.4,0,76
Clownface 3,Action,10.0,0,104
The Mystery of Humanoid Puppet,Action,6.7,0,88
Raju Gari Ammayi Naidu Gari Abbayi,Action,8.5,0,158
Dhaaak,Action,8.6,0,128
Blood Vendetta,Action,7.7,0,90
Dead Hand,Action,4.1,0,92
The Yoshi Movie,Action,7.7,0,105
Faster: Only one lap,Action,7.1,0,90
The Correct Way of Youth,Action,9.3,0,90
Pushpaka Vimanam,Action,5.6,0,137
Too Little Too Late,Action,5.5,0,66
Kreem,Action,6.8,0,115
Gull Lake Vice II: The Delusion Continues,Action,8.2,0,0
Dark World,Action,4.5,0,135
Emanet,Action,7.9,0,97
Zoloto Umalty,Action,5.0,0,109
Shri Swapankumarer Badami Hyenar Kobole,Action,5.6,0,146
Supplier Shankara,Action,9.3,0,163
Death Game,Action,5.2,0,87
The Journey of Flower,Action,3.9,0,97
Villain - Life of a Gangster,Action,8.9,0,141
Jurassic Exorcist,Action,3.9,0,76
Pithala Maathi,Action,7.8,0,140
Mr. Natwarlal,Action,7.6,0,130
Ohsama Sentai King-Ohger vs. Donbrothers,Action,6.8,0,0
Bhimaa,Action,5.1,0,141
Megdan: Between Water and Fire,Action,5.4,0,106
Cholay,Action,8.7,0,60
Agent 86,Action,6.7,0,87
Shadows of Betrayal: Chronicles of Ian Blair,Action,7.3,0,65
Mobile Suit Gundam: Silver Phantom,Action,6.1,0,90
Crypto Storm,Action,4.7,0,101
Hope & Glory,Action,6.6,0,0
Shockwaves 2,Action,2.8,0,79
Di Renjie: Tongtian xuan an,Action,7.2,0,85
Operation Wakaliga: Fate and Blood,Action,6.7,0,66
Played,Action,6.2,0,96
Useful Idiots,Action,7.8,0,92
Serra das Almas,Action,6.3,0,120
Common Creed: Trafficking,Action,6.7,0,106
Break War,Action,2.4,0,86
Warrior Awang and Master Tok Gajah,Action,4.6,0,118
"Bullets, Brothers and Blood",Action,7.8,0,85
Babu,Action,7.7,0,142
Nothing Unusual,Action,9.7,0,92
Inherited,Action,9.5,0,76
DNA,Action,5.2,0,156
Hocus Focus,Action,7.9,0,85
Rooban,Action,6.5,0,125
Pungut,Action,6.7,0,100
Dheera,Action,8.0,0,123
Lorry Chapter-1,Action,5.8,0,183
Inexternal,Action,3.2,0,83
Indrani: Epic-1 Dharam vs Karam,Action,7.6,0,157
Oversteer,Action,4.9,0,86
Mirza: Part 1 - Joker,Action,6.8,0,165
Soodhu Kavvum 2: Naatum Naatu Makkalum,Action,3.7,0,129
Sathyam,Action,7.1,0,134
Opportunity,Action,9.1,0,96
Sith Wars: Episódio III - Fantasmas Dos Sith,Action,8.6,0,99
Xiao zi,Action,3.5,0,101
Re Xue Ran Shao,Action,4.2,0,113
Seven Heroes Beat the Monster,Action,6.8,0,89
Reeza GTR,Action,7.4,0,91
Inanimate Insanity II: The Movie,Action,8.3,0,106
La Tamalera,Action,8.2,0,115
Zhi Bao,Action,5.7,0,100
Me and the Dragon's Daughter,Action,5.2,0,75
Dheera Bhagat Roy,Action,7.8,0,150
Raktaksha,Action,8.4,0,118
Bloody Escape,Action,6.1,0,100
Abnormal: Buas,Action,5.6,0,90
Ugravatara,Action,7.9,0,122
Dirty Fellow,Action,6.9,0,119
Yentha Panichesav Chanti,Action,9.5,0,135
Jimmy's Friends,Action,7.0,0,94
Operation Star,Action,7.6,0,102
Kadakan,Action,4.0,0,128
Give Me Babies,Action,6.7,0,0
Joy Hanu Man,Action,8.9,0,143
E-mail,Action,5.4,0,119
Firework,Action,6.6,0,60
The Deal,Action,8.8,0,130
Skhvatka,Action,5.0,0,107
The SML YTP Movie 2: Dimension Trouble,Action,8.3,0,94
Bullet,Action,9.1,0,131
Seetha Kalyana Vaibhogame,Action,8.6,0,146
Vi possiamo salvare,Action,2.7,0,89
Chhota Bheem and the Curse of Damyaan,Action,4.8,0,145
Vey Dharuvey,Action,6.5,0,127
The End of Hen,Action,9.7,0,67
The Kills,Action,8.8,0,70
Revenge,Action,1.6,0,127
The Domino File,Action,4.7,0,102
Kallu Compound 1995,Action,8.1,0,140
SMB-plush presents trick or death,Action,8.8,0,120
Travesty,Action,6.4,0,78
Framed,Action,4.8,0,0
Raja 420,Action,6.1,0,81
Passazhiry,Action,4.5,0,80
El Junior Del Patron,Action,8.2,0,92
Bad Ass Sista,Action,6.9,0,80
Nenu Keerthana,Action,9.0,0,155
The Overseas Killer,Action,6.4,0,104
The Delegator,Action,4.2,0,96
S-99,Action,8.7,0,119
AK47,Action,7.2,0,146
Speed Fight,Action,6.8,0,87
Be Forever Yamato: Rebel 3199: Part 1: Dark Invasion,Action,7.0,0,0
Kohinoor,Action,8.1,0,119
Battling to Survive,Action,7.0,0,74
Tranquility: Ghost Stories,Action,7.6,0,88
Day of the Diesels,Action,7.2,0,100
Wilhelm Gustloff,Action,8.7,0,110
Guxim,Action,7.7,0,75
Roudhra Rupaya,Action,7.6,0,132
The Vent,Action,8.9,0,0
Combat Code: Hunt,Action,7.4,0,76
Jiwa 8 Belas,Action,5.0,0,86
Best Cop Ever,Action,4.3,0,122
El Duro,Action,5.9,0,90
Big Brother,Action,8.2,0,115
Bloodlust,Action,8.2,0,97
Bond of Justice: Kizuna Part I - Encounter,Action,6.1,0,92
Dhil Raja,Action,8.7,0,106
Lealtad o Morir,Action,8.2,0,87
War with the Evil,Action,6.3,0,85
Spider-Man: Dimension Rift,Action,8.4,0,127
The ShortCut,Action,7.8,0,138
Whispers of the Imperial City,Action,6.8,0,90
Leha,Action,2.3,0,98
Daanvi,Action,1.7,0,117
Atu Nuvve Itu Nuvve,Action,7.0,0,123
The Winter Prophecy,Action,7.9,0,0
Blocking the Horse,Action,6.2,0,94
Kaveri,Action,9.1,0,101
"La Protegida, La Película",Action,9.3,0,67
Happy Dragons,Action,4.9,0,97
Krapiva: Tsvetok smerti,Action,6.0,0,81
Klaantha,Action,6.2,0,107
Gally Gang Stars,Action,9.0,0,157
Duelo De Capos,Action,8.0,0,83
Runnin' from Wolves,Action,7.2,0,133
Opasni shmatki,Action,5.2,0,92
Rudra: The Beginning,Action,9.4,0,135
Piri Reis: The Incredible Chart,Action,6.8,0,138
Los Hijos De Camelia y Emilio,Action,7.8,0,82
Full Clip for a Snitch,Action,3.9,0,75
Janna Endoro,Action,8.1,0,120
Sesh Bazi,Action,6.2,0,132
Kaale Angrej,Action,5.5,0,131
Isle: Alpha One,Action,8.4,0,97
Kyle and the Last Emerald,Action,5.6,0,0
Po du xing dong,Action,6.8,0,79
The Mirage,Action,8.9,0,106
Kyle and the Last Emerald 2,Action,8.4,0,0
Urban Vengeance,Action,5.2,0,79
Mahserin Üç Delisi,Action,5.9,0,78
Killer Lee,Action,1.9,0,87
No Man Standing,Action,8.6,0,93
Mandya Haida,Action,6.2,0,139
El Cartel De Teresa,Action,8.0,0,96
Las Hermanas Del Cartel,Action,8.2,0,91
Anger,Action,8.8,0,83
Jefa De Jefas,Action,8.2,0,82
Zen Fist,Action,7.2,0,0
StarGazer: The Need of the Many,Action,5.0,0,0
Bush Knife,Action,7.0,0,90
PW V: Tears of the Fallen,Action,8.2,0,60
Gadha17,Action,8.0,0,90
Bring Back the Colour,Action,5.9,0,0
Sehnsucht nach Firdaws,Action,8.5,0,103
Moana 2,Animation,6.7,0,100
Flow,Animation,7.9,0,85
The Wild Robot,Animation,8.2,0,102
Mufasa: The Lion King,Animation,6.6,0,118
The Lord of the Rings: The War of the Rohirrim,Animation,6.3,0,134
The Day the Earth Blew Up: A Looney Tunes Movie,Animation,7.0,0,91
Night of the Zoopocalypse,Animation,6.3,0,91
Despicable Me 4,Animation,6.2,0,94
Inside Out 2,Animation,7.5,0,96
Transformers One,Animation,7.6,0,104
Memoir of a Snail,Animation,7.8,0,95
Solo Leveling: ReAwakening,Animation,8.8,0,121
IF,Animation,6.4,0,104
Spermageddon,Animation,5.8,0,80
Wallace & Gromit: Vengeance Most Fowl,Animation,7.5,0,82
Harold and the Purple Crayon,Animation,5.7,0,90
Attack on Titan the Movie: The Last Attack,Animation,9.2,0,145
Kung Fu Panda 4,Animation,6.3,0,94
The Garfield Movie,Animation,5.7,0,101
Hitpig,Animation,5.1,0,86
Watchmen: Chapter I,Animation,7.0,0,83
Spellbound,Animation,5.7,0,109
Look Back,Animation,7.8,0,0
Grand Theft Hamlet,Animation,6.9,0,89
Saving Bikini Bottom: The Sandy Cheeks Movie,Animation,3.7,0,82
Piece by Piece,Animation,6.9,0,93
Watchmen: Chapter II,Animation,7.0,0,90
Megamind vs. The Doom Syndicate,Animation,2.5,0,83
The Remarkable Life of Ibelin,Animation,8.2,0,103
Orion and the Dark,Animation,6.3,0,93
A Sloth Story,Animation,5.6,0,90
My Hero Academia: You're Next,Animation,7.0,0,110
Justice League: Crisis on Infinite Earths - Part One,Animation,6.2,0,93
The Most Precious of Cargoes,Animation,7.2,0,81
That Christmas,Animation,6.8,0,91
Thelma the Unicorn,Animation,5.7,0,93
Justice League: Crisis on Infinite Earths - Part Three,Animation,6.1,0,94
The Tiger's Apprentice,Animation,5.7,0,84
The Lost Tiger,Animation,7.8,0,90
200% Wolf,Animation,6.0,0,98
Demon Slayer: Kimetsu No Yaiba - To the Hashira Training,Animation,7.1,0,104
Ultraman: Rising,Animation,6.9,0,117
10 Lives,Animation,5.9,0,88
Doraemon the Movie: Nobita's Earth Symphony,Animation,6.6,0,115
Frida,Animation,7.5,0,87
Woody Woodpecker Goes to Camp,Animation,4.5,0,100
Mars,Animation,8.9,0,84
Dan Da Dan: First Encounter,Animation,8.2,0,83
Justice League: Crisis on Infinite Earths - Part Two,Animation,5.5,0,94
Buffalo Kids,Animation,6.6,0,93
Dragonkeeper,Animation,5.7,0,98
Re: Zero - Starting Life in Another World- Season 3 Episode 1 90-minute Special 'Theatrical Malice',Animation,8.7,0,90
Crayon Shin-chan: Ora's Dinosaur Diary,Animation,6.5,0,106
My Freaky Family,Animation,6.4,0,86
Limonov: The Ballad of Eddie,Animation,6.0,0,138
The Glassworker,Animation,7.5,0,98
The Colors Within,Animation,7.1,0,101
Johnny Puff: Secret Mission,Animation,4.8,0,87
Ghost Cat Anzu,Animation,6.5,0,97
From Ground Zero,Animation,7.9,0,112
Storm Crashers,Animation,6.3,0,88
Dalia y el Libro Rojo,Animation,6.4,0,107
Overlord: The Sacred Kingdom,Animation,7.0,0,135
Rebellious,Animation,6.0,0,94
Savages,Animation,7.0,0,87
Haikyu!! The Dumpster Battle,Animation,7.7,0,85
The Night Before Christmas in Wonderland,Animation,6.3,0,80
Mononoke the Movie: The Phantom in the Rain,Animation,6.8,0,89
Lesbian Space Princess,Animation,8.0,0,87
Blue Lock: Episode Nagi,Animation,6.6,0,91
Super-Charlie,Animation,6.3,0,80
Ryan's World the Movie: Titan Universe Adventure,Animation,1.8,0,80
My Oni Girl,Animation,6.0,0,112
Shrek 5: The Contract - A Fan Made Film,Animation,7.0,0,84
White Snake: Afloat,Animation,6.9,0,133
Fox & Hare Save the Forest,Animation,5.9,0,71
Noah's Ark,Animation,4.3,0,96
No Time to Spy: A Loud House Movie,Animation,6.4,0,81
The Quintessential Quintuplets Specials 2,Animation,7.2,0,0
Panda Bear in Africa,Animation,5.5,0,84
Boys Go to Jupiter,Animation,6.9,0,90
Xiong Shi Shao Nian 2,Animation,7.5,0,134
Mobile Suit Gundam SEED Freedom,Animation,6.6,0,124
Given 3: To the Sea,Animation,8.2,0,80
Baki Hanma VS Kengan Ashura,Animation,5.7,0,62
Uma Musume: Pretty Derby - Beginning of a New Era,Animation,7.4,0,108
Zak & Wowo: The Legend of Lendarys,Animation,5.7,0,85
Detective Conan: The Million-Dollar Pentagram,Animation,6.8,0,111
Exorcism Chronicles: The Beginning,Animation,7.0,0,85
Rafadan Tayfa: Kapadokya,Animation,6.8,0,84
Gracie and Pedro: Pets to the Rescue,Animation,5.1,0,87
SuperKlaus,Animation,4.3,0,88
Schirkoa: In Lies We Trust,Animation,5.6,0,103
The Casagrandes Movie,Animation,5.6,0,89
Heartsping : Teenieping of Love,Animation,7.0,0,0
Diplodocus,Animation,6.4,0,90
Jon Vardar protiv Galaksijata,Animation,8.8,0,86
The Big Trip 3: Race Around the World,Animation,5.7,0,85
Big City Greens the Movie: Spacecation,Animation,6.2,0,0
"Maya, donne-moi un titre",Animation,6.4,0,61
Little Emma,Animation,5.7,0,106
Elli and the Ghostly Ghost Train,Animation,5.0,0,86
Mariposas Negras,Animation,7.0,0,83
Bocchi the Rock! Re:,Animation,7.5,0,90
Sabbath Queen,Animation,8.0,0,105
Out of the Nest,Animation,7.4,0,84
Fureru,Animation,6.4,0,107
Peppa's Cinema Party,Animation,5.0,0,65
Dead Dead Demon's Dededede Destruction,Animation,7.0,0,120
Movie Given Hiiragi Mix.,Animation,7.4,0,70
Living Large,Animation,7.7,0,80
Captain Avispa,Animation,5.8,0,96
Nie Xiaoqian,Animation,6.4,0,112
Kvitebjørn,Animation,5.9,0,85
"Die Heinzels: Neue Mützen, Neue Mission",Animation,6.4,0,76
Dragon Ball Z Kai,Animation,8.4,0,82
Kizumonogatari: Koyomi Vamp,Animation,7.0,0,144
Slocum et moi,Animation,7.4,0,75
Dongeng Sang Kancil,Animation,8.3,0,99
Hola Frida,Animation,7.4,0,82
Angelo dans la forêt mystérieuse,Animation,6.0,0,81
The Storm,Animation,6.1,0,102
Il segreto di Liberato,Animation,7.3,0,90
Luntik. Vozvrashchenie domoy,Animation,6.4,0,0
Bocchi the Rock! Re: Re:,Animation,7.9,0,77
Sanatorium Under the Sign of the Hourglass,Animation,5.3,0,75
"Robotia, the Movie",Animation,8.2,0,86
PAPmusic - Animation for Fashion,Animation,1.0,0,85
Niko: Beyond the Northern Lights,Animation,6.2,0,86
Yumi's Cells: The Movie,Animation,6.2,0,93
Rock Bottom,Animation,7.0,0,86
Quo Vadis,Animation,6.6,0,90
The Proud Princess,Animation,7.2,0,84
Tri kota. Zimnie kanikuly,Animation,6.1,0,65
Wonderful Precure! The Movie! Doki Doki Game no Sekai de Daiboken,Animation,6.8,0,71
Fuuto PI: Portrait of Kamen Rider Skull,Animation,7.6,0,82
Rocky and Bullwinkle,Animation,9.7,0,100
Si Juki the Movie: Harta Pulau Monyet,Animation,6.0,0,107
Into the Mortal World,Animation,6.8,0,118
Nintama Rantaro Dokutake Ninja-tai Saikyou no Gunshi,Animation,6.8,0,90
TWST: Things We Said Today,Animation,6.9,0,86
Transformers: 40th Anniversary Event,Animation,7.2,0,96
Goldbeak,Animation,4.9,0,94
"Silex and the City, le film",Animation,4.9,0,77
Askepote,Animation,3.5,0,72
Appu,Animation,8.6,0,92
Masha i Medved v kino: Park chudes,Animation,7.0,0,0
Steal the Naughty List,Animation,6.7,0,90
Rocket Club: Across the Cosmos,Animation,8.2,0,68
Mustafa,Animation,6.9,0,75
Dikkie Dik 2: Een Nieuwe Vriend voor Dikkie Dik,Animation,7.4,0,70
The Worlds Divide,Animation,8.0,0,120
Norbert,Animation,6.6,0,75
Maxxie LaWow: Drag Super-shero,Animation,8.9,0,114
Le parfum d'Irak,Animation,8.1,0,95
Benjamin Bat,Animation,8.1,0,75
Double Tuckerr,Animation,5.0,0,120
Olivia & the Clouds,Animation,7.2,0,81
Trapezium,Animation,6.4,0,102
Pui Pui Molcar the Movie: Molmax,Animation,7.0,0,69
Boonie Bears: Time Twist,Animation,6.0,0,105
Dikkie Dik en de Verdwenen Knuffel,Animation,7.2,0,62
Kuramerukagari,Animation,5.8,0,61
Dead Dead Demon's Dededede Destruction Zenpen,Animation,7.0,0,120
The Greatest Surf Movie in the Universe,Animation,5.4,0,81
Meitantei Conan Bâsasu Kaitô Kiddo,Animation,6.2,0,81
Hello My Beautiful Creatures,Animation,6.8,0,142
Max Beyond,Animation,6.6,0,93
Animal Tales of Christmas Magic,Animation,6.8,0,72
A Few Moments of Cheers,Animation,7.4,0,68
The Umbrella Fairy,Animation,5.5,0,95
Sunburnt Unicorn,Animation,7.4,0,81
Motu Patlu & The Race to the Diamond Valley,Animation,7.8,0,72
Tay 2: Ebabil Takimi,Animation,5.5,0,78
Mobile Suit Gundam: Silver Phantom,Animation,6.1,0,90
Code Geass: Rozé of the Recapture - Part 1,Animation,7.9,0,74
Formula vody,Animation,4.3,0,86
Nothing Unusual,Animation,9.7,0,92
Love Live! Nijigasaki High School Idol Club Final Chapter Part 1,Animation,6.6,0,0
Riki Rhino: The Bird Kingdom,Animation,4.8,0,109
Uma & Haggen: Mitos,Animation,7.4,0,94
Motu Patlu & The Rise of Zombies,Animation,6.6,0,74
Lilla spöket Laban spökar igen,Animation,6.1,0,0
Tobias and the Arcane Merchant,Animation,9.0,0,167
Inanimate Insanity II: The Movie,Animation,8.3,0,106
Tri bogatyrya. Ni dnya bez podviga,Animation,5.7,0,61
Bloody Escape,Animation,6.1,0,100
Luv You Shankar,Animation,5.8,0,120
Arne Alligator och djungelkompisarna,Animation,4.6,0,61
The Ballad of Straw Hat Sam,Animation,9.2,0,0
Ya Boy Kongming! Road to Summer Sonia,Animation,7.5,0,119
Ugly Sweater,Animation,7.1,0,80
The Car Acrobatic Team Saga,Animation,8.0,0,112
Code Geass: Rozé of the Recapture: Part 2,Animation,8.0,0,76
Astra,Animation,6.8,0,80
Bob a Bobek ve filmu: Na stope Mrkvojeda,Animation,8.7,0,80
The Delegator,Animation,4.2,0,96
Be Forever Yamato: Rebel 3199: Part 1: Dark Invasion,Animation,7.0,0,0
Turbozavry. God drakona,Animation,9.2,0,0
Bizarros Peixes das Fossas Abissais,Animation,8.4,0,75
Velký Pán,Animation,7.0,0,73
Day of the Diesels,Animation,7.2,0,100
Terra Incognita 1901,Animation,9.2,0,78
Abá e Sua Banda,Animation,7.9,0,84
Let's Go! Anpanman: Baikinman and Lulun,Animation,6.5,0,64
2475 Dawn of Revolution,Animation,6.3,0,127
Skazochnyy patrul. Shou prodolzhayetsya,Animation,7.2,0,65
Code Geass: Rozé of the Recapture: Part 3,Animation,7.6,0,76
Pleasant Goat and Big Big Wolf: The World Guardians,Animation,7.0,0,96
"Hey, Tete",Animation,6.4,0,151
Zuzubalândia: O Filme,Animation,5.6,0,60
Babaee-ye Ghahreman,Animation,8.5,0,80
Ninja Doomscrolling,Animation,8.1,0,96
Code Geass: Rozé of the Recapture: Part 4,Animation,6.8,0,70
Isle: Alpha One,Animation,8.4,0,97
Nasreddin Hoca: Zaman Yolcusu - Kadim Medeniyetler,Animation,7.7,0,78
Ekip: Siberay - Günes Firtinasi,Animation,6.0,0,72
Uma Musume: Pretty Derby - Road to the Top,Animation,6.0,0,98
LUDA,Animation,7.2,0,86
Bie ba zuo wen dang hui shi er,Animation,7.2,0,89
Sirds likums,Animation,6.8,0,65
Moana 2,Adventure,6.7,0,100
Flow,Adventure,7.9,0,85
Gladiator II,Adventure,6.5,0,148
Sonic the Hedgehog 3,Adventure,6.9,0,110
Venom: The Last Dance,Adventure,6.0,0,110
Dune: Part Two,Adventure,8.5,0,166
Mufasa: The Lion King,Adventure,6.6,0,118
The Lord of the Rings: The War of the Rohirrim,Adventure,6.3,0,134
Furiosa: A Mad Max Saga,Adventure,7.5,0,148
Deadpool & Wolverine,Adventure,7.6,0,128
The Day the Earth Blew Up: A Looney Tunes Movie,Adventure,7.0,0,91
Borderlands,Adventure,4.7,0,101
Paddington in Peru,Adventure,6.7,0,106
Night of the Zoopocalypse,Adventure,6.3,0,91
Twisters,Adventure,6.5,0,122
Civil War,Adventure,7.0,0,109
Despicable Me 4,Adventure,6.2,0,94
The Count of Monte-Cristo,Adventure,7.6,0,178
Inside Out 2,Adventure,7.5,0,96
Kingdom of the Planet of the Apes,Adventure,6.9,0,145
Red One,Adventure,6.3,0,123
Transformers One,Adventure,7.6,0,104
Solo Leveling: ReAwakening,Adventure,8.8,0,121
Bad Boys: Ride or Die,Adventure,6.5,0,115
Love Lies Bleeding,Adventure,6.6,0,104
Damsel,Adventure,6.1,0,110
Ghostbusters: Frozen Empire,Adventure,6.1,0,115
The Return,Adventure,6.2,0,116
Madame Web,Adventure,4.0,0,116
Godzilla x Kong: The New Empire,Adventure,6.1,0,115
Freaky Tales,Adventure,6.5,0,106
Wallace & Gromit: Vengeance Most Fowl,Adventure,7.5,0,82
Harold and the Purple Crayon,Adventure,5.7,0,90
Attack on Titan the Movie: The Last Attack,Adventure,9.2,0,145
Spaceman,Adventure,5.7,0,107
Uglies,Adventure,4.7,0,100
Kung Fu Panda 4,Adventure,6.3,0,94
The Garfield Movie,Adventure,5.7,0,101
Hitpig,Adventure,5.1,0,86
Kalki 2898 AD,Adventure,7.0,0,180
Descendants: The Rise of Red,Adventure,4.7,0,91
The Empire,Adventure,5.2,0,110
Atlas,Adventure,5.6,0,118
Survive,Adventure,4.6,0,90
Rebel Moon - Part Two: The Scargiver,Adventure,5.3,0,122
Spellbound,Adventure,5.7,0,109
Arthur the King,Adventure,7.0,0,107
Winner,Adventure,6.5,0,103
Monster Summer,Adventure,5.7,0,97
Saving Bikini Bottom: The Sandy Cheeks Movie,Adventure,3.7,0,82
My Penguin Friend,Adventure,6.7,0,97
Family Pack,Adventure,5.5,0,94
Lost on a Mountain in Maine,Adventure,6.2,0,98
No Way Up,Adventure,4.6,0,90
The Unholy Trinity,Adventure,7.9,0,93
Bookworm,Adventure,6.0,0,103
Megamind vs. The Doom Syndicate,Adventure,2.5,0,83
The Goat Life,Adventure,7.1,0,173
Orion and the Dark,Adventure,6.3,0,93
The Best Christmas Pageant Ever,Adventure,6.8,0,99
Something in the Water,Adventure,4.1,0,86
Sasquatch Sunset,Adventure,5.4,0,88
A Sloth Story,Adventure,5.6,0,90
"I, the Executioner",Adventure,6.3,0,118
My Hero Academia: You're Next,Adventure,7.0,0,110
Justice League: Crisis on Infinite Earths - Part One,Adventure,6.2,0,93
River of Blood,Adventure,5.4,0,86
That Christmas,Adventure,6.8,0,91
Thelma the Unicorn,Adventure,5.7,0,93
Badland Hunters,Adventure,5.9,0,107
The Courier,Adventure,6.0,0,101
Justice League: Crisis on Infinite Earths - Part Three,Adventure,6.1,0,94
The Tiger's Apprentice,Adventure,5.7,0,84
The Lost Tiger,Adventure,7.8,0,90
The Price of Money: A Largo Winch Adventure,Adventure,5.0,0,100
No Chains No Masters,Adventure,6.4,0,98
Guest from the Future,Adventure,6.0,0,141
200% Wolf,Adventure,6.0,0,98
Demon Slayer: Kimetsu No Yaiba - To the Hashira Training,Adventure,7.1,0,104
The Wages of Fear,Adventure,4.6,0,104
Unspeakable: Beyond the Wall of Sleep,Adventure,5.9,0,90
Operation Blood Hunt,Adventure,3.4,0,93
Ultraman: Rising,Adventure,6.9,0,117
Angels Fallen: Warriors of Peace,Adventure,4.9,0,103
Cult Killer,Adventure,4.8,0,105
Doraemon the Movie: Nobita's Earth Symphony,Adventure,6.6,0,115
Golden Kamuy,Adventure,6.3,0,127
Autumn and the Black Jaguar,Adventure,5.6,0,100
Manjummel Boys,Adventure,8.2,0,135
Woody Woodpecker Goes to Camp,Adventure,4.5,0,100
Justice League: Crisis on Infinite Earths - Part Two,Adventure,5.5,0,94
WWII: Operation Phoenix,Adventure,6.6,0,106
Anaconda,Adventure,4.9,0,84
My Fathers' Daughter,Adventure,6.6,0,78
Buffalo Kids,Adventure,6.6,0,93
Hanu Man,Adventure,7.7,0,158
Dragonkeeper,Adventure,5.7,0,98
The Forest,Adventure,6.5,0,77
The Firing Squad,Adventure,5.4,0,93
Sixty Minutes,Adventure,5.7,0,88
Escape,Adventure,6.4,0,94
The Last Redemption,Adventure,6.7,0,122
Crayon Shin-chan: Ora's Dinosaur Diary,Adventure,6.5,0,106
My Freaky Family,Adventure,6.4,0,86
Meanwhile on Earth,Adventure,6.0,0,89
Spiders on a Plane,Adventure,5.6,0,78
Bambi: A Tale of Life in the Woods,Adventure,5.6,0,85
A Legend,Adventure,4.7,0,129
Man and Witch: The Dance of a Thousand Steps,Adventure,5.5,0,94
Kanguva,Adventure,4.5,0,152
Cells at Work!,Adventure,6.8,0,109
The Slave and the Sorcerer,Adventure,6.7,0,86
Saint-Exupéry,Adventure,5.5,0,98
Storm Crashers,Adventure,6.3,0,88
Dalia y el Libro Rojo,Adventure,6.4,0,107
Overlord: The Sacred Kingdom,Adventure,7.0,0,135
Roadkill,Adventure,3.6,0,90
Rebellious,Adventure,6.0,0,94
A.R.M,Adventure,7.1,0,150
Robin and the Hoods,Adventure,4.4,0,100
Eat the Night,Adventure,6.2,0,106
War of the Worlds: Extinction,Adventure,3.0,0,84
The Last Ronin,Adventure,4.8,0,121
Devil's Knight,Adventure,5.4,0,90
Thangalaan,Adventure,6.6,0,156
The Twisters,Adventure,2.5,0,86
Bade Miyan Chote Miyan,Adventure,3.8,0,163
Bionic,Adventure,4.3,0,110
Going Viral,Adventure,6.8,0,90
School of Magical Animals 3,Adventure,5.9,0,105
A Trip Elsewhere,Adventure,5.5,0,93
The Last of Us: Immunity,Adventure,6.3,0,64
Escape from the 21st Century,Adventure,6.5,0,98
Pimpinero: Blood and Oil,Adventure,5.6,0,121
Rally Caps,Adventure,5.5,0,100
My Oni Girl,Adventure,6.0,0,112
Never Look Away,Adventure,7.2,0,85
Return to Wickensburg,Adventure,4.8,0,88
Shrek 5: The Contract - A Fan Made Film,Adventure,7.0,0,84
Jathara,Adventure,6.4,0,129
The Mountain,Adventure,6.6,0,89
Fox & Hare Save the Forest,Adventure,5.9,0,71
Noah's Ark,Adventure,4.3,0,96
No Time to Spy: A Loud House Movie,Adventure,6.4,0,81
Memes & Nightmares,Adventure,5.7,0,81
Witch Hunter,Adventure,5.2,0,80
Bureau 749,Adventure,4.1,0,123
Ayalaan,Adventure,6.0,0,155
The Keepers of the 5 Kingdoms,Adventure,4.1,0,109
Panda Bear in Africa,Adventure,5.5,0,84
The Kingdom,Adventure,7.9,0,133
Mobile Suit Gundam SEED Freedom,Adventure,6.6,0,124
Gaami,Adventure,6.4,0,147
The Phantom Warrior,Adventure,2.4,0,119
Odio el verano,Adventure,5.1,0,103
Raqa,Adventure,5.9,0,107
Ahl Al Kahf,Adventure,5.2,0,120
Seven Seas Seven Hills,Adventure,8.7,0,90
Road Wars: Max Fury,Adventure,2.0,0,83
Barroz: Guardian of Treasures,Adventure,3.5,0,155
Diving Into the Darkness,Adventure,9.1,0,96
Abudeka Is Back,Adventure,5.3,0,120
Buddy,Adventure,3.8,0,137
Zak & Wowo: The Legend of Lendarys,Adventure,5.7,0,85
Stranded Pearl,Adventure,6.0,0,90
Ghost Island,Adventure,7.1,0,95
Gracie and Pedro: Pets to the Rescue,Adventure,5.1,0,87
Vertical,Adventure,5.2,0,111
Its Name Was Mormo,Adventure,3.6,0,93
Gladiators,Adventure,6.4,0,95
The Adventures of Jurassic Pet: Return to the Wild,Adventure,5.5,0,90
Trifole,Adventure,7.5,0,100
The Casagrandes Movie,Adventure,5.6,0,89
Cazatesoros,Adventure,6.6,0,106
The Big Trip 3: Race Around the World,Adventure,5.7,0,85
Big City Greens the Movie: Spacecation,Adventure,6.2,0,0
"Maya, donne-moi un titre",Adventure,6.4,0,61
Teenz,Adventure,4.4,0,122
Empire Queen: The Golden Age of Magic,Adventure,3.2,0,148
Captain Miller,Adventure,6.5,0,157
Game On,Adventure,2.6,0,85
Little Emma,Adventure,5.7,0,106
Spirit Riser,Adventure,6.7,0,98
At Her Feet,Adventure,7.5,0,100
Elli and the Ghostly Ghost Train,Adventure,5.0,0,86
Yaren Leylek,Adventure,5.9,0,95
Amazon Bullseye,Adventure,5.3,0,113
Earthquake Underground,Adventure,3.3,0,83
Z-Mom,Adventure,4.7,0,90
Dead Dead Demon's Dededede Destruction,Adventure,7.0,0,120
Yolki 11,Adventure,4.6,0,92
Taklee Genesis x Worlds Collide,Adventure,5.5,0,146
The Traveller,Adventure,5.2,0,134
All for One,Adventure,1.2,0,97
Satu - Year of the Rabbit,Adventure,9.3,0,93
Stinky Summer,Adventure,5.9,0,90
Jurassic Triangle,Adventure,2.5,0,84
Captain Avispa,Adventure,5.8,0,96
My Redneck Neighbor: Chapter 1 - The Rednecks Are Coming,Adventure,5.0,0,74
One Million Babes BC,Adventure,3.3,0,75
Powder Pup,Adventure,6.2,0,89
Oculus,Adventure,6.0,0,113
Rocky Road to Berlin,Adventure,7.2,0,104
Chico Bento e a Goiabeira Maraviosa,Adventure,7.6,0,90
Kodaikanal,Adventure,9.2,0,173
Un lío de millones,Adventure,6.0,0,91
Letuchiy korabl,Adventure,3.8,0,100
Kvitebjørn,Adventure,5.9,0,85
Kiyma: Orman Kanunlari,Adventure,4.3,0,81
Bull Shark 3,Adventure,3.6,0,76
Dragon Ball Z Kai,Adventure,8.4,0,82
Dongeng Sang Kancil,Adventure,8.3,0,99
Joachim and the Apocalypse,Adventure,7.2,0,90
Tulang Belulang Tulang,Adventure,7.0,0,95
Troy the Bharat Putra,Adventure,5.5,0,134
Birds Flying East,Adventure,5.8,0,100
Friendly Fire,Adventure,6.6,0,105
Baba Yaga spasaet Novyy god,Adventure,4.4,0,99
I Heart Robots,Adventure,4.6,0,76
The Star City Murders,Adventure,4.1,0,79
Major Grom: The Game,Adventure,6.1,0,168
Dünya Mali: Eksi Bir,Adventure,7.2,0,133
Permafrost,Adventure,5.7,0,80
Death Game,Adventure,6.3,0,88
Tracing the Divide,Adventure,8.7,0,84
Sunlight,Adventure,7.9,0,96
Treasure Trackers,Adventure,5.8,0,92
The Backrooms,Adventure,6.2,0,63
Niko: Beyond the Northern Lights,Adventure,6.2,0,86
Mong Vuot,Adventure,5.3,0,96
The Epidemic,Adventure,5.8,0,95
Gepack,Adventure,6.6,0,97
Next to Us,Adventure,4.9,0,125
Die Chaosschwestern und Pinguin Paul,Adventure,5.7,0,100
Dünya Varmis,Adventure,7.4,0,100
Marianengraben,Adventure,7.6,0,87
Tri kota. Zimnie kanikuly,Adventure,6.1,0,65
Wonderful Precure! The Movie! Doki Doki Game no Sekai de Daiboken,Adventure,6.8,0,71
Håkan Bråkan 2,Adventure,5.4,0,92
Formed Police Unit,Adventure,4.6,0,120
LasseMajas detektivbyrå - Maskoten som försvann,Adventure,6.0,0,90
Bratya,Adventure,2.7,0,103
The Secret of Pin-Up Island,Adventure,7.4,0,107
Tipppsy,Adventure,8.1,0,115
Arctic Hollow,Adventure,2.3,0,70
Fuuto PI: Portrait of Kamen Rider Skull,Adventure,7.6,0,82
Advent,Adventure,7.5,0,119
Five Friends,Adventure,6.7,0,112
Ognivo,Adventure,5.4,0,105
Luigi's Mansion,Adventure,6.0,0,60
Rocky and Bullwinkle,Adventure,9.7,0,100
Si Juki the Movie: Harta Pulau Monyet,Adventure,6.0,0,107
Hain,Adventure,2.9,0,95
Nintama Rantaro Dokutake Ninja-tai Saikyou no Gunshi,Adventure,6.8,0,90
Planetquake,Adventure,3.0,0,85
Goldbeak,Adventure,4.9,0,94
Naa Saami Ranga,Adventure,4.5,0,150
Kaizen,Adventure,7.3,0,160
"Silex and the City, le film",Adventure,4.9,0,77
Askepote,Adventure,3.5,0,72
Appu,Adventure,8.6,0,92
Masha i Medved v kino: Park chudes,Adventure,7.0,0,0
Heavens: The Boy and His Robot,Adventure,6.3,0,98
Six Nine Five (695),Adventure,7.0,0,137
Steal the Naughty List,Adventure,6.7,0,90
Dikkie Dik 2: Een Nieuwe Vriend voor Dikkie Dik,Adventure,7.4,0,70
Shanghai Story,Adventure,8.1,0,71
The Worlds Divide,Adventure,8.0,0,120
Two Breaths,Adventure,8.1,0,0
Surge of Power: Where There's Smoke,Adventure,6.5,0,68
Güzel Bir Rüya,Adventure,4.9,0,79
Wonderland,Adventure,6.8,0,120
Longe da Estrada,Adventure,6.0,0,68
Cândido,Adventure,6.3,0,99
Vikaasaparva,Adventure,8.7,0,134
Benjamin Bat,Adventure,8.1,0,75
Fights Break Sphere 3,Adventure,4.7,0,81
Bar MoskvaChiki,Adventure,5.2,0,91
Kalvan,Adventure,5.6,0,142
Pui Pui Molcar the Movie: Molmax,Adventure,7.0,0,69
The Very Last Christmas,Adventure,8.5,0,75
Xibalba Monster,Adventure,6.0,0,76
Daye: Seret ahl el Daye,Adventure,7.8,0,104
Turma da Mônica Jovem: Reflexos do Medo,Adventure,2.8,0,88
The Eye of the Salamander,Adventure,7.9,0,81
Dikkie Dik en de Verdwenen Knuffel,Adventure,7.2,0,62
This Land of Mine,Adventure,8.0,0,90
Dead Dead Demon's Dededede Destruction Zenpen,Adventure,7.0,0,120
Kade,Adventure,6.5,0,92
Mama,Adventure,8.5,0,100
Samaya bolshaya luna,Adventure,2.4,0,105
"Fallen Leaves, Broken Lighters",Adventure,7.7,0,96
Piraty galaktiki Barrakuda,Adventure,4.4,0,92
Tokusou Sentai Dekaranger 20th: Fireball Booster,Adventure,7.1,0,0
Chernyy zamok,Adventure,7.8,0,115
Igrisca ne damo!,Adventure,6.9,0,79
The Yoshi Movie,Adventure,7.7,0,105
Vasilisa i khraniteli vremeni,Adventure,3.1,0,98
The Umbrella Fairy,Adventure,5.5,0,95
Triple 7: They Said It Couldn't Be Done,Adventure,8.5,0,97
Zoloto Umalty,Adventure,5.0,0,109
Yasmeen's Element,Adventure,7.6,0,76
Adam i Eva,Adventure,5.1,0,95
Tay 2: Ebabil Takimi,Adventure,5.5,0,78
Shadows of Betrayal: Chronicles of Ian Blair,Adventure,7.3,0,65
Mobile Suit Gundam: Silver Phantom,Adventure,6.1,0,90
Hope & Glory,Adventure,6.6,0,0
BAM!,Adventure,7.2,0,80
Historia de pastores,Adventure,5.6,0,80
De Legende van Familie Vos,Adventure,5.7,0,81
Oyunda Kal: Eglence Arenasi,Adventure,2.7,0,92
Operation Wakaliga: Fate and Blood,Adventure,6.7,0,66
Tur s Ivanushkami,Adventure,5.3,0,111
Jaunt,Adventure,8.4,0,78
Sam and Colby: The Legends of the Paranormal,Adventure,4.8,0,98
The Trail,Adventure,7.2,0,80
Manyunya. Priklyucheniya v derevne,Adventure,5.9,0,84
Warrior Awang and Master Tok Gajah,Adventure,4.6,0,118
A Christmas Carol,Adventure,9.8,0,0
Nothing Unusual,Adventure,9.7,0,92
Petualangan Anak Penangkap Hantu,Adventure,6.0,0,99
Mountain Boy,Adventure,8.2,0,93
Lo carga el diablo,Adventure,7.6,0,104
Manyunya. Priklyucheniya v Moskve,Adventure,5.6,0,87
Poklad,Adventure,4.6,0,100
Antarctic Voyage,Adventure,6.8,0,0
Tri bogatyrya. Ni dnya bez podviga,Adventure,5.7,0,61
Frankenstein Theater: The Magic Sword,Adventure,4.4,0,82
Moy dikiy drug,Adventure,6.7,0,100
Beyond existence,Adventure,5.8,0,95
Príncipe Lu e a Lenda do Dragão,Adventure,4.2,0,90
Chyortov kamen,Adventure,6.4,0,105
Goodbye Hamdi,Adventure,6.2,0,85
Tayna Chyornoy Ruki,Adventure,5.7,0,84
The Last Five Days: The Freak Building,Adventure,3.8,0,61
The Ballad of Straw Hat Sam,Adventure,9.2,0,0
YA - medved,Adventure,4.9,0,97
The Bigfoot Prophecy,Adventure,4.5,0,117
Chhota Bheem and the Curse of Damyaan,Adventure,4.8,0,145
Novyy god v Beryozovke,Adventure,7.1,0,94
Mesken (Messuage),Adventure,7.5,0,102
Luccas e Gi em: Dinossauros,Adventure,3.5,0,91
Ngesot,Adventure,4.8,0,87
Anytime,Adventure,8.9,0,62
Mukhadrakon,Adventure,5.3,0,109
Dracu Ra,Adventure,5.5,0,106
Turbozavry. God drakona,Adventure,9.2,0,0
Abar Arownne Din Ratri,Adventure,7.8,0,111
Wilhelm Gustloff,Adventure,8.7,0,110
Il ricercatore,Adventure,5.8,0,71
Bremenskie muzykanty,Adventure,4.6,0,115
Mai Martaba,Adventure,4.8,0,86
Moy lyubimyy chempion,Adventure,2.3,0,95
Banana Boat,Adventure,5.7,0,78
Pirates & Slaves,Adventure,5.8,0,0
Suchana,Adventure,9.0,0,90
Let's Go! Anpanman: Baikinman and Lulun,Adventure,6.5,0,64
The Kingfish 2,Adventure,7.9,0,72
V potoke trekh stikhiy,Adventure,5.3,0,85
Boom!,Adventure,8.3,0,90
"Poymay sobaku, esli smozhesh",Adventure,3.5,0,96
No More Trouble - Cosa rimane di una tempesta,Adventure,8.4,0,97
Skazochnyy patrul. Shou prodolzhayetsya,Adventure,7.2,0,65
Piri Reis: The Incredible Chart,Adventure,6.8,0,138
Isle: Alpha One,Adventure,8.4,0,97
Suvorovets 1944,Adventure,5.6,0,90
Kyle and the Last Emerald 2,Adventure,8.4,0,0
Selebryata,Adventure,3.6,0,93
I'm Professional,Adventure,3.7,0,95
Colour Palette,Adventure,9.0,0,87
LUDA,Adventure,7.2,0,86
Whites Only: Ade's Extremist Adventure,Adventure,7.0,0,65
Dandelion,Adventure,8.9,0,95
Applepictures the Poseidon Legacy,Adventure,6.4,0,84
StarGazer: The Need of the Many,Adventure,5.0,0,0
The Blinkless,Adventure,7.8,0,0
PW V: Tears of the Fallen,Adventure,8.2,0,60
Beyaz Zenciler: Yapim Asamasi,Adventure,8.6,0,0
Gostya iz kosmosa,Adventure,8.5,0,70
Okhota na russkogo geniya,Adventure,2.6,0,71
Sehnsucht nach Firdaws,Adventure,8.5,0,103
Lajjpal,Adventure,9.0,0,252
A Complete Unknown,Biography,7.4,0,141
I'm Still Here,Biography,8.4,0,137
Queen of the Ring,Biography,7.0,0,140
The Apprentice,Biography,7.1,0,122
William Tell,Biography,5.7,0,133
Better Man,Biography,7.6,0,135
Saturday Night,Biography,6.9,0,109
Queer,Biography,6.5,0,137
Maria,Biography,6.4,0,124
Reagan,Biography,6.2,0,141
Nr. 24,Biography,7.5,0,111
Bonhoeffer: Pastor. Spy. Assassin.,Biography,6.3,0,133
Unfrosted,Biography,5.5,0,97
The Fire Inside,Biography,6.7,0,109
Ordinary Angels,Biography,7.4,0,118
Back to Black,Biography,6.3,0,122
Young Woman and the Sea,Biography,7.5,0,129
Joy,Biography,7.1,0,115
Faith of Angels,Biography,5.9,0,98
Winner,Biography,6.5,0,103
Audrey's Children,Biography,8.6,0,110
Bob Marley: One Love,Biography,6.2,0,107
Piece by Piece,Biography,6.9,0,93
Cabrini,Biography,7.3,0,142
Rob Peace,Biography,6.6,0,120
Scoop,Biography,6.5,0,102
The Remarkable Life of Ibelin,Biography,8.2,0,103
Being Maria,Biography,6.1,0,100
Midas Man,Biography,6.4,0,112
Monsieur Aznavour,Biography,7.3,0,133
Amaran,Biography,8.2,0,167
Super/Man: The Christopher Reeve Story,Biography,8.0,0,104
One to One: John & Yoko,Biography,6.8,0,100
Maharaj,Biography,6.5,0,131
Harbin,Biography,6.5,0,108
Chhava,Biography,8.6,0,0
Goebbels and the Führer,Biography,6.7,0,135
"From Hilde, with Love",Biography,6.9,0,125
El 47,Biography,7.2,0,110
Boléro,Biography,6.6,0,120
Luther: Never Too Much,Biography,8.2,0,101
Shirley,Biography,6.2,0,117
Race for Glory: Audi vs. Lancia,Biography,5.8,0,109
Papa,Biography,7.5,0,131
Ravens,Biography,8.3,0,117
Niki,Biography,5.9,0,98
Cookster: The Darkest Days,Biography,8.4,0,119
Amar Singh Chamkila,Biography,7.8,0,145
Avicii - I'm Tim,Biography,7.8,0,95
Freedom,Biography,5.9,0,110
Srikanth,Biography,7.4,0,134
Liza: A Truly Terrific Absolutely True Story,Biography,8.2,0,104
The Firing Squad,Biography,5.4,0,93
The Ballad of Davy Crockett,Biography,4.6,0,96
Elton John: Never Too Late,Biography,6.5,0,102
Limonov: The Ballad of Eddie,Biography,6.0,0,138
Biggest Heist Ever,Biography,6.1,0,85
Pavements,Biography,7.1,0,128
Quisling: The Final Days,Biography,7.1,0,146
Music by John Williams,Biography,8.2,0,105
Saint-Exupéry,Biography,5.5,0,98
Chandu Champion,Biography,7.8,0,142
Riefenstahl,Biography,7.2,0,115
Jim Henson: Idea Man,Biography,7.7,0,111
The Bibi Files,Biography,7.5,0,115
Prodigieuses,Biography,6.6,0,101
Drazen,Biography,6.6,0,100
Atatürk II: 1881-1919,Biography,8.9,0,141
Maidaan,Biography,7.9,0,181
The Shamrock Spitfire,Biography,5.1,0,108
Gundi: Legend of Love,Biography,9.0,0,166
I Am: Celine Dion,Biography,7.7,0,103
ZEF: The Story of Die Antwoord,Biography,7.4,0,90
"Sarah Bernhardt, la divine",Biography,6.1,0,98
Becoming Hitchcock: The Legacy of Blackmail,Biography,7.3,0,72
The Beach Boys,Biography,7.1,0,113
Spyral,Biography,8.6,0,83
The Great Ambition,Biography,7.2,0,123
Never Look Away,Biography,7.2,0,85
John Cranko,Biography,7.1,0,133
Samia,Biography,6.9,0,102
"Disco, Ibiza, Locomia",Biography,6.0,0,104
The Sidemen Story,Biography,6.7,0,99
Stelios,Biography,7.3,0,132
Beautiful Rebel,Biography,6.3,0,112
Oxana,Biography,8.2,0,103
Becoming Madonna,Biography,6.9,0,91
La casa,Biography,7.0,0,83
Faye,Biography,7.1,0,91
The Truth vs. Alex Jones,Biography,7.5,0,121
Janis Ian: Breaking Silence,Biography,8.6,0,114
Diddy: Summit to Plummet,Biography,2.2,0,60
Federer: Twelve Final Days,Biography,7.3,0,88
The Life and Deaths of Christopher Lee,Biography,7.2,0,99
Simona Kossak,Biography,6.1,0,100
Nahir,Biography,4.7,0,122
Blue Road: The Edna O'Brien Story,Biography,8.2,0,99
Swatantrya Veer Savarkar,Biography,7.7,0,176
National Theatre Live: Nye,Biography,8.0,0,160
Vindication Swim,Biography,6.0,0,98
Havnaa,Biography,7.3,0,110
Road Diary: Bruce Springsteen and the E Street Band,Biography,7.7,0,99
La Grande,Biography,8.8,0,95
Lula,Biography,5.5,0,90
Silvio,Biography,3.0,0,114
Chhatrapati Sambhaji,Biography,5.6,0,186
Laura,Biography,6.5,0,104
Bogart: Life Comes in Flashes,Biography,6.9,0,99
From Roger Moore with Love,Biography,7.4,0,79
Tears of Cem Karaca,Biography,7.2,0,123
Miséria,Biography,5.3,0,99
Fanon,Biography,8.9,0,132
Sabbath Queen,Biography,8.0,0,105
House of Ga'a,Biography,3.9,0,119
Patrice: The Movie,Biography,8.3,0,102
Nedelja,Biography,7.2,0,130
Karina,Biography,6.9,0,91
Klitschko: More Than a Fight,Biography,6.3,0,96
Kulej. Dwie strony medalu,Biography,6.4,0,148
"Carville: Winning Is Everything, Stupid",Biography,7.2,0,98
Marcella,Biography,9.5,0,97
Saint Nick of Bethlehem,Biography,9.3,0,93
Ennio Doris - C'è anche domani,Biography,5.3,0,90
Levoton Tuhkimo,Biography,6.4,0,88
Funmilayo Ransome-Kuti,Biography,8.5,0,91
The Man Who Loved UFOs,Biography,5.2,0,107
Bir Cumhuriyet Sarkisi,Biography,7.7,0,128
Glenn Fredly: The Movie,Biography,6.8,0,121
Madu,Biography,5.4,0,100
Hayatla Baris,Biography,6.3,0,125
Münter & Kandinsky,Biography,6.6,0,126
Joachim and the Apocalypse,Biography,7.2,0,90
Hola Frida,Biography,7.4,0,82
Ae Watan Mere Watan,Biography,4.7,0,133
Obraz,Biography,7.6,0,95
Yatra 2,Biography,6.3,0,132
Satyashodhak,Biography,8.4,0,145
Stevie Van Zandt: Disciple,Biography,7.9,0,147
Nasty,Biography,7.8,0,103
Go Against the Flow,Biography,5.3,0,97
"Iki Gözüm Ahmet, Sürgün",Biography,3.8,0,113
Diane von Furstenberg: Woman in Charge,Biography,7.2,0,97
God Be with Us,Biography,6.8,0,90
Komandir,Biography,6.3,0,131
Padatik,Biography,8.4,0,126
Faruk,Biography,6.6,0,97
Wingless,Biography,7.7,0,110
Daytime Revolution,Biography,6.9,0,108
Jenni,Biography,6.6,0,113
Miyazaki: L'Esprit de la Nature,Biography,7.2,0,84
Blood'less' Revolution,Biography,6.7,0,103
Mit einem Tiger schlafen,Biography,6.8,0,107
Inexplicável,Biography,6.8,0,116
Rock Bottom,Biography,7.0,0,86
Vivekam,Biography,8.2,0,104
Sadik Ahmet,Biography,7.7,0,125
Hyper: The Stevie Hyper D Story,Biography,8.8,0,91
Chabuca,Biography,6.7,0,113
Memoir Seorang Guru,Biography,7.1,0,120
Taghiev: Oil,Biography,9.0,0,120
Hope of Escape,Biography,7.6,0,91
Main Atal Hoon,Biography,6.9,0,139
Pastor's Kid,Biography,6.5,0,90
Sharon Stone: Survival Instinct,Biography,7.0,0,0
Looking for Simone,Biography,6.8,0,93
The World According to Allee Willis,Biography,8.0,0,97
Bach - Ein Weihnachtswunder,Biography,6.2,0,89
Pod szarym niebem,Biography,7.1,0,81
The Movie Man,Biography,7.7,0,89
Gary,Biography,6.6,0,91
Gold,Biography,7.8,0,126
The Legend of Sudarshan Chakra,Biography,9.3,0,160
Born to Be Wild: The Story of Steppenwolf,Biography,7.2,0,100
Harimau Malaya: The Untold Journey,Biography,8.2,0,125
Raghuveer,Biography,8.9,0,125
Parviz Khan,Biography,6.0,0,110
Dharmaveer 2,Biography,5.5,0,130
Cartas Telepáticas,Biography,5.9,0,70
Suzzanna: The Queen of Black Magic,Biography,6.6,0,88
Ruki vverkh!,Biography,5.5,0,102
Manyam Dheerudu,Biography,5.6,0,114
Padu,Biography,5.1,0,97
Fedya. Narodnyy futbolist,Biography,6.0,0,125
Zuckerberg: King of the Metaverse,Biography,5.7,0,90
Der Soldat Monika,Biography,7.2,0,109
Shahid,Biography,6.5,0,84
Knockout Blonde: The Kellie Maloney Story,Biography,5.9,0,90
Beethoven's Nine: Ode to Humanity,Biography,6.9,0,85
Powstaniec 1863,Biography,5.4,0,115
Not Taken: Origins,Biography,9.8,0,69
Michael Jackson: Ungloved,Biography,6.3,0,60
La Joia: Bad Gyal,Biography,5.8,0,92
Ett hjärta är alltid rött,Biography,7.1,0,103
The Ballad of Suzanne Césaire,Biography,5.9,0,75
Il était une fois Michel Legrand,Biography,8.0,0,109
Son Sarki: Ahmet'in Türküsü,Biography,1.6,0,101
Shaking It Up: The Life and Times of Liz Carpenter,Biography,8.2,0,77
Who Killed Lawrence of Arabia?,Biography,6.5,0,100
Charmian Clift: Life Burns High,Biography,7.9,0,80
Nonkonform,Biography,7.9,0,117
A nuestros amigos,Biography,8.0,0,90
A dangerous boy,Biography,6.9,0,90
"Marisol, llámame Pepa",Biography,6.8,0,87
COMA,Biography,9.5,0,80
Lulu in Turin,Biography,8.5,0,76
"Jacques Demy, le rose et le noir",Biography,7.1,0,88
Paul Anka: His Way,Biography,7.0,0,100
Yaremchuk: Nezrivniannyi svit krasy,Biography,8.6,0,92
Niepewnosc,Biography,3.6,0,113
Maurice And I,Biography,8.8,0,98
"Kati: Eine Kür, die bleibt",Biography,6.1,0,99
Concepción,Biography,7.3,0,0
The Truth: The Journey Within,Biography,7.2,0,91
Ray of Hope,Biography,7.0,0,105
Golpe a Golpe (Blow by Blow),Biography,8.3,0,90
Main Mulayam Singh Yadav,Biography,3.8,0,120
Lafran,Biography,8.2,0,99
Harta Tahta Raisa,Biography,4.0,0,110
9 sekund,Biography,4.6,0,91
Soares é Fixe,Biography,4.8,0,83
Rhythm of a Flower,Biography,7.3,0,81
Riv i hjertet,Biography,7.8,0,107
"François Truffaut, le scénario de ma vie",Biography,6.8,0,98
La valanga azzurra,Biography,7.6,0,90
All Access to Rossa 25 Shining Years,Biography,8.7,0,91
Il ricercatore,Biography,5.8,0,71
It'll Never Work,Biography,9.6,0,0
Waldo,Biography,6.6,0,104
Im Schatten der Träume,Biography,8.2,0,90
Janet Jackson: In Control,Biography,5.5,0,60
"Sean Penn, L'enfant terrible de l'Amérique",Biography,7.3,0,0
"Steven Spielberg, l'homme et l'enfant",Biography,6.2,0,0
Beethoven's Nine,Biography,7.6,0,90
Insula Fondane (Fondane Island),Biography,9.6,0,82
Don't Ever Stop,Biography,9.3,0,85
Barnen från Camp Ashraf,Biography,5.4,0,88
"Mary, Marianna, Maria: Ta agnosta ellinika hronia tis Kallas",Biography,8.2,0,103
No More Trouble - Cosa rimane di una tempesta,Biography,8.4,0,97
Nebesko,Biography,5.2,0,73
Maria,Biography,4.2,0,60
Carles Sabater. No espereu res de mi,Biography,8.1,0,75
87 Candles,Biography,8.9,0,0
The Ballad of John and Yoko,Biography,8.4,0,101
Nollbudget,Biography,8.3,0,72
Reba McEntire: Country Gold,Biography,7.4,0,60
Palace Guardians,Biography,9.4,0,64
Me Dicen El Panzer,Biography,6.6,0,90
Toquinho: Encontros e um Violão,Biography,8.6,0,90
O familie aproape perfecta,Biography,5.4,0,88
Brev til Håkon Banken,Biography,8.1,0,80
Graciano Rocchigiani - Das Herz eines Boxers,Biography,9.2,0,123
"Lupicinio Rodrigues, Confissões de um Sofredor",Biography,7.0,0,99
Veljko od mora,Biography,7.2,0,0
Tapes of Revolution,Biography,9.5,0,75
"Georges Pompidou, la cruauté du pouvoir",Biography,6.2,0,104
Beyaz Zenciler: Yapim Asamasi,Biography,8.6,0,0
Giannis Spanos: Piso ap' ti markiza,Biography,7.8,0,118
¡Qué suerte hemos tenido!,Biography,7.5,0,62
Gevart,Biography,7.3,0,0
Davaj Paradiso,Biography,9.1,0,63
Emilia Pérez,crime,5.4,0,132
Trap,crime,5.8,0,105
Longlegs,crime,6.6,0,101
Pushpa: The Rule - Part 2,crime,6.1,0,201
The Order,crime,6.8,0,116
Juror #2,crime,7.0,0,114
Despicable Me 4,crime,6.2,0,94
Riff Raff,crime,5.9,0,103
MaXXXine,crime,6.3,0,103
The Beekeeper,crime,6.3,0,105
Carry-On,crime,6.5,0,119
Marco,crime,6.9,0,145
Rebel Ridge,crime,6.8,0,131
Wolfs,crime,6.5,0,108
The Crow,crime,4.7,0,111
The Seed of the Sacred Fig,crime,7.6,0,167
Bad Boys: Ride or Die,crime,6.5,0,115
Love Lies Bleeding,crime,6.6,0,104
Lucky Baskhar,crime,8.0,0,148
Monkey Man,crime,6.8,0,121
Freaky Tales,crime,6.5,0,106
Greedy People,crime,6.2,0,112
Jönssonligan kommer tillbaka,crime,6.0,0,104
Absolution,crime,5.2,0,112
Sleeping Dogs,crime,6.2,0,110
The Instigators,crime,6.2,0,101
Lift,crime,5.5,0,107
Beverly Hills Cop: Axel F,crime,6.4,0,118
Hitpig,crime,5.1,0,86
The Silent Hour,crime,6.1,0,99
Maharaja,crime,8.4,0,141
Beating Hearts,crime,7.0,0,166
Misericordia,crime,6.9,0,104
Brothers,crime,5.4,0,89
Killer Heat,crime,5.6,0,95
Long Gone Heroes,crime,5.2,0,101
Force of Nature: The Dry 2,crime,5.9,0,120
The Shadow Strays,crime,6.5,0,144
Armor,crime,3.5,0,89
Trigger Warning,crime,4.6,0,106
Blackwater Lane,crime,4.6,0,108
Twilight of the Warriors: Walled In,crime,7.0,0,126
Boneyard,crime,4.1,0,96
The Thicket,crime,5.8,0,108
The Calendar Killer,crime,5.4,0,97
Santosh,crime,7.0,0,128
The Unholy Trinity,crime,7.9,0,93
Inside,crime,7.0,0,104
Mea Culpa,crime,4.2,0,120
Megamind vs. The Doom Syndicate,crime,2.5,0,83
Dead Sea,crime,5.3,0,88
Sector 36,crime,7.1,0,123
Damaged,crime,4.7,0,97
Colors of Evil: Red,crime,6.4,0,111
Trouble,crime,6.2,0,98
Faultline,crime,5.8,0,92
"I, the Executioner",crime,6.3,0,118
Code 8: Part II,crime,5.7,0,100
Depravity,crime,4.3,0,117
Bogota: City of the Lost,crime,5.4,0,108
City Hunter,crime,6.3,0,102
Drugstore June,crime,5.4,0,91
Maharaj,crime,6.5,0,131
Lake George,crime,6.3,0,118
Duchess,crime,4.6,0,114
Harbin,crime,6.5,0,108
Do Patti,crime,6.4,0,126
Detained,crime,4.9,0,97
Badland Hunters,crime,5.9,0,107
The Courier,crime,6.0,0,101
The Soul Eater,crime,5.9,0,108
Sikandar Ka Muqaddar,crime,6.0,0,142
Broken Rage,crime,6.1,0,62
The Roundup: Punishment,crime,6.6,0,109
Here Now,crime,4.9,0,118
Marmalade,crime,6.2,0,99
Raayan,crime,6.5,0,145
What Jennifer Did,crime,6.1,0,87
First Shift,crime,4.5,0,89
El Jockey,crime,6.5,0,96
Lover Stalker Killer,crime,7.0,0,90
Barron's Cove,crime,8.0,0,116
Ride,crime,5.9,0,114
Golam,crime,7.2,0,120
Laws of Man,crime,4.1,0,98
Officer Black Belt,crime,6.8,0,108
Strictly Confidential,crime,2.8,0,94
The Quiet Ones,crime,6.5,0,110
Darkness of Man,crime,4.8,0,109
Rats!,crime,7.9,0,85
Justice,crime,6.3,0,113
Cult Killer,crime,4.8,0,105
In Her Place,crime,6.2,0,96
Bougainvillea,crime,6.4,0,138
A Place Called Silence,crime,6.5,0,119
Papa,crime,7.5,0,131
The Trainer,crime,7.0,0,95
Pani,crime,6.9,0,143
The Thundermans Return,crime,5.0,0,70
Cookster: The Darkest Days,crime,8.4,0,119
Crescent City,crime,3.9,0,103
Boundless,crime,5.6,0,121
5lbs of Pressure,crime,5.3,0,111
Freedom,crime,5.9,0,110
Guns & Moses,crime,8.2,0,94
Sicilian Letters,crime,6.1,0,122
The Smile Man,crime,7.6,0,122
Ferry 2,crime,5.6,0,94
King Ivory,crime,7.2,0,130
The Park Maniac,crime,4.8,0,103
Wanted Man,crime,4.8,0,85
To a Land Unknown,crime,7.3,0,105
Hijack 1971,crime,6.8,0,100
Thalavan,crime,7.2,0,131
Shoutai,crime,6.9,0,120
Bloodline Killer,crime,3.8,0,105
Bhakshak,crime,7.2,0,134
Saripodhaa Sanivaaram,crime,7.0,0,166
The Clean Up Crew,crime,4.1,0,95
The Sabarmati Report,crime,6.4,0,127
Viduthalai Part 2,crime,8.0,0,170
Revolver,crime,5.4,0,114
Two to One,crime,6.1,0,116
Savi,crime,6.2,0,126
Ulajh,crime,6.0,0,150
Operation Raavan,crime,8.2,0,147
Anweshippin Kandethum,crime,7.4,0,142
Biggest Heist Ever,crime,6.1,0,85
Dead Wrong,crime,3.8,0,104
The Lockdown,crime,4.3,0,117
Vettaiyan,crime,7.0,0,163
Nice Girls,crime,4.2,0,92
Roadkill,crime,3.6,0,90
The Kingdom,crime,7.0,0,112
GTMax,crime,5.0,0,100
Dead Mail,crime,6.7,0,106
Strangers,crime,4.3,0,106
Maldoror,crime,7.1,0,155
Serpent's Path,crime,5.8,0,112
Mission: Cross,crime,6.1,0,105
Belle,crime,5.7,0,100
How to Rob a Bank,crime,6.6,0,88
Jailbreak: Love on the Run,crime,6.4,0,88
Toofan,crime,7.1,0,145
The Birds Who Fear Death,crime,9.3,0,102
Kingsmen,crime,6.3,0,72
Anand Sreebala,crime,6.6,0,134
Untamed Royals,crime,4.6,0,99
High Forces,crime,5.8,0,119
Last Known Location,crime,6.3,0,110
Bermondsey Tales: Fall of the Roman Empire,crime,4.4,0,99
They Called Him Mostly Harmless,crime,5.9,0,89
The Seven Sorrows of Mary,crime,6.7,0,98
In Youth We Trust,crime,7.0,0,132
Phir Aayi Hasseen Dillruba,crime,5.8,0,132
Hellhound,crime,4.3,0,103
A Gangster's Kiss,crime,4.9,0,81
Auron Mein Kahan Dum Tha,crime,6.6,0,150
The Shameless,crime,5.7,0,114
Borderless Fog,crime,5.2,0,110
The Girl Who Wore Yellow Lace,crime,4.6,0,82
Scorched Earth,crime,6.7,0,101
Dhakshina,crime,6.5,0,107
Abraham Ozler,crime,6.5,0,143
Visfot,crime,5.7,0,130
She's Got No Name,crime,7.0,0,150
Fyre Rises,crime,6.5,0,110
Mr. Bachchan,crime,3.6,0,150
Peg O' My Heart,crime,5.8,0,97
Crisis Negotiators,crime,6.7,0,120
The Truth vs. Alex Jones,crime,7.5,0,121
Diddy: Summit to Plummet,crime,2.2,0,60
Rakshana,crime,5.6,0,139
Baby Assassins: Nice Days,crime,7.3,0,103
Le Mohican,crime,7.0,0,87
Bangkok Dog,crime,6.3,0,85
Unspoken,crime,8.2,0,120
Sorgavaasal,crime,6.6,0,138
The Actor,crime,3.3,0,128
Tillu Square,crime,6.6,0,137
"MoviePass, MovieCrash",crime,6.7,0,96
Dirty Ice Cream,crime,4.5,0,0
Zebra,crime,8.0,0,164
Jersey Bred,crime,4.7,0,92
Untold: The Murder of Air McNair,crime,5.6,0,0
The Kingdom,crime,7.9,0,133
Un homme en fuite,crime,5.4,0,106
10 Days of a Curious Man,crime,5.8,0,110
Plastic Guns,crime,6.3,0,95
Nahir,crime,4.7,0,122
Lady Scorpions,crime,3.6,0,101
Ballistic,crime,2.3,0,95
(Pri)sons,crime,5.1,0,100
Nunakuzhi,crime,6.8,0,125
"Hemet, or the Landlady Don't Drink Tea",crime,4.4,0,89
Nefarious,crime,7.0,0,85
Killer Babes,crime,3.5,0,94
Conquer: Lahad Datu,crime,6.7,0,120
Siren,crime,6.4,0,154
ChiefsAholic: A Wolf in Chiefs Clothing,crime,6.2,0,121
Krista,crime,5.6,0,0
The Pee Pee Poo Poo Man,crime,8.4,0,79
Sayara,crime,5.7,0,98
Reloaded 2,crime,8.0,0,0
Abudeka Is Back,crime,5.3,0,120
Havnaa,crime,7.3,0,110
Kahar: Kapla High Council,crime,7.0,0,102
Bangkok Breaking: Heaven and Hell,crime,5.8,0,146
Estômago II: O Poderoso Chef,crime,5.8,0,131
Castillo,crime,8.1,0,128
Bozji gnjev,crime,7.2,0,111
9 Windows,crime,3.6,0,82
Silvio,crime,3.0,0,114
Murder and Cocktails,crime,4.0,0,88
The Waterboyz,crime,7.9,0,89
Desperado,crime,5.9,0,100
Andhagan,crime,6.7,0,142
No Cap,crime,5.8,0,108
Shakhahaari,crime,7.5,0,145
Drive,crime,5.7,0,90
The Mick and the Trick,crime,5.0,0,96
Love You to Debt,crime,6.2,0,135
Quotation Gang Part 1,crime,8.8,0,118
Red,crime,4.5,0,114
Plea,crime,6.9,0,88
Sheriff,crime,6.9,0,133
Suspect,crime,4.5,0,94
Kingdom Reign,crime,8.8,0,119
Hovering Blade,crime,6.1,0,107
"LSD 2: Love, Sex Aur Dhokha 2",crime,3.8,0,119
Loverboy: Emoties Uit,crime,6.4,0,98
Troll Factory,crime,5.8,0,109
Wieczór kawalerski,crime,4.8,0,85
Miséria,crime,5.3,0,99
Prepare to Die,crime,4.6,0,93
Chris Brown: A History of Violence,crime,5.4,0,82
The Infallibles,crime,4.8,0,99
Priyo Maloti,crime,6.8,0,119
Chameleon,crime,5.8,0,133
The Texas Cheerleader Murder Plot,crime,5.0,0,100
Bhaje Vaayu Vegam,crime,6.1,0,136
Dandupalayam,crime,5.9,0,137
Samandar,crime,7.6,0,172
Sentimentaaal,crime,5.8,0,135
Ghost Killer,crime,7.2,0,105
Vares X,crime,3.7,0,85
Amish Affair,crime,5.5,0,86
Silence 2: The Night Owl Bar Shootout,crime,6.2,0,142
Below the Rim,crime,5.0,0,89
Filthy Animals,crime,7.4,0,96
The Worst Man in London,crime,5.7,0,127
Saindhav,crime,5.0,0,138
Passages of Nexus,crime,6.3,0,108
Hunt the Wicked,crime,5.3,0,102
Guess Who,crime,4.8,0,93
Sattam En Kaiyil,crime,8.0,0,124
Vina: Before 7 Days,crime,5.4,0,100
Where Is Gilgamesh?,crime,9.0,0,90
Matka,crime,4.7,0,156
Vrutos,crime,8.2,0,100
RapeD,crime,7.0,0,105
Hustlers Take All,crime,5.5,0,106
Remedy,crime,4.1,0,82
Rautu Ka Raaz,crime,6.3,0,114
Shivam Bhaje,crime,7.9,0,121
Chor Dil,crime,7.4,0,135
Bastar: The Naxal Story,crime,6.4,0,124
Swing Bout,crime,8.7,0,90
"Rajagunj: Pooja, Sir",crime,6.4,0,115
Citizen of a Kind,crime,6.7,0,114
Texas Twister,crime,2.5,0,88
Kiyma: Orman Kanunlari,crime,4.3,0,81
The Final: Attack on Wembley,crime,6.3,0,82
Kaulayaw,crime,4.4,0,95
Green Bones,crime,7.7,0,96
Sons of Rizk 3,crime,6.7,0,125
Tòkunbò,crime,3.9,0,113
Remember Us,crime,6.2,0,96
Silver Star,crime,6.9,0,102
Case of Kondana,crime,5.8,0,143
The Shadow,crime,6.5,0,90
Bars,crime,5.8,0,135
The Desperate Chase,crime,5.5,0,110
Wannabe,crime,4.6,0,102
The Plot,crime,4.8,0,100
Bodiless,crime,5.7,0,90
Breaking the Silence: The Maria Soledad Case,crime,6.4,0,95
Dead Man,crime,5.1,0,109
Mathu Vadalara 2,crime,7.0,0,139
The Unwavering Brotherhood,crime,5.3,0,94
Kiss of the Con Queen,crime,8.0,0,117
Poslednji strelac,crime,5.5,0,90
Dream Team,crime,5.2,0,91
The Star City Murders,crime,4.1,0,79
The Moon Thieves,crime,6.2,0,108
Hit List,crime,5.5,0,125
Reputation,crime,9.3,0,83
Dirty Money,crime,5.7,0,100
S.I.T,crime,7.9,0,110
They Turned Us Into Killers,crime,2.8,0,86
Satyabhama,crime,5.9,0,132
Døde menn går på ski,crime,5.5,0,89
The Murder of Sandra Rivett,crime,6.2,0,90
Go for Broke,crime,5.7,0,115
Rob N Roll,crime,6.1,0,98
State of Silence,crime,6.5,0,80
Young Lion of the West,crime,8.1,0,93
Gold Boy,crime,6.5,0,129
Cry of Silence,crime,6.3,0,116
Svemu dodje kraj,crime,6.7,0,89
Kondal,crime,5.4,0,147
Searching for Amani,crime,8.0,0,80
The Shakedown,crime,5.0,0,104
Suspicion,crime,3.6,0,115
The Epidemic,crime,5.8,0,95
Modal Nekad,crime,7.7,0,107
Vivekam,crime,8.2,0,104
Haunting Trophies,crime,7.7,0,150
The Experts,crime,6.2,0,121
Cursed in Baja,crime,8.2,0,80
PT Sir,crime,6.8,0,130
Thirumbipaar,crime,5.9,0,101
The Donor,crime,9.0,0,0
Danger in the Dorm,crime,5.1,0,86
Formed Police Unit,crime,4.6,0,120
Nico,crime,8.3,0,109
Octopus with Broken Arms,crime,6.2,0,109
Io e te dobbiamo parlare,crime,4.2,0,95
Best Man Dead Man,crime,6.9,0,83
Tiger Wolf Rabbit,crime,6.2,0,126
Common Sense,crime,2.5,0,68
Martingale,crime,5.4,0,103
Yalakunni,crime,8.9,0,135
Vojna policajtov,crime,6.5,0,150
Nastupit leto,crime,7.4,0,94
Una ballena,crime,6.0,0,108
Pathological: The Lies of Joran van der Sloot,crime,6.5,0,93
La mort viendra,crime,6.0,0,101
Piano Love,crime,5.2,0,96
Killerwood,crime,6.8,0,84
Chithini,crime,6.0,0,151
Diari de la meva sextorsió,crime,6.5,0,64
Bury Him,crime,7.3,0,88
Routa,crime,6.5,0,127
Kaliyugam Pattanamlo,crime,6.7,0,150
Gam Gam Ganesha,crime,5.3,0,140
Holiday Hold-Up,crime,5.6,0,89
Brattt,crime,4.7,0,117
Nasha Jurm Aur Gangsters,crime,7.0,0,137
What Happens in Miami,crime,4.3,0,90
Shu Si Yi Bo,crime,6.6,0,91
Bheema,crime,5.8,0,148
Hain,crime,2.9,0,95
Protein,crime,6.6,0,100
GATAO: Like Father Like Son,crime,6.8,0,100
CHAAW: Chapter 3 - Christmas Time Is Here,crime,7.9,0,72
Thankamani,crime,4.6,0,156
Tschugger - Der Lätscht Fall,crime,8.1,0,147
RTI,crime,5.9,0,130
Harom Hara,crime,7.7,0,154
Gangs of Godavari,crime,5.0,0,165
Nirangal Moondru,crime,6.1,0,122
Pepe,crime,4.9,0,126
Yevam,crime,6.1,0,123
Blue Christmas,crime,5.8,0,79
Scopophobia,crime,5.8,0,100
Gumasthan,crime,5.8,0,145
Passagrana,crime,6.5,0,100
Secret Home,crime,8.3,0,117
Welcome to the Game,crime,5.8,0,90
Pattaya Heat,crime,5.6,0,117
Uninvited,crime,6.7,0,93
The Heist,crime,6.9,0,120
Nietzsche's Umbrella,crime,8.7,0,86
Unknown Caller,crime,7.2,0,63
Money No Enough 3,crime,6.0,0,138
Oru Nodi,crime,6.7,0,128
Chacaleria,crime,8.1,0,116
Rebel,crime,3.2,0,100
The Good Loan Sharks,crime,5.0,0,122
Anyone Else But Me,crime,7.0,0,95
Blackia 2,crime,5.9,0,132
Kunstroof,crime,7.0,0,102
Midas,crime,4.6,0,85
The Legend of the Vagabond Queen of Lagos,crime,8.0,0,100
Murder in a Teacup,crime,6.3,0,93
Vergüenza,crime,7.0,0,103
One Last Time,crime,7.0,0,82
Beneath the Fold,crime,8.0,0,80
Porch Pirates,crime,5.0,0,107
Second Life,crime,6.9,0,105
Kokuhaku Confession,crime,5.6,0,74
Taxali Gate,crime,6.6,0,95
Historias invisibles,crime,6.4,0,110
Scapegoat,crime,7.0,0,85
Die Bloedhonde,crime,6.3,0,97
Kurukku,crime,6.6,0,109
Jog 101,crime,6.5,0,107
Con Queens,crime,5.8,0,80
Muroi Shinji: Yaburezaru Mono,crime,7.7,0,115
Landkrimi: Steirergift,crime,6.4,0,90
Prasanna Vadanam,crime,6.6,0,146
The Bodyguard,crime,6.6,0,87
Kala Ratri,crime,6.8,0,122
Housekeeping,crime,6.0,0,98
Lipstick on the Glass,crime,4.6,0,116
Above the Trees,crime,8.2,0,125
Marine Drive,crime,9.5,0,105
Illusions for Sale: The Rise and Fall of Generation Zoe,crime,6.2,0,107
Bigul,crime,9.3,0,144
Accident or Conspiracy: Godhra,crime,7.4,0,133
Telekinesis,crime,5.9,0,106
Charlotte Link - Ohne Schuld,crime,5.5,0,89
Liebling Kreuzberg 2.0,crime,5.1,0,89
Game Over,crime,5.7,0,74
Three Old Boys,crime,4.8,0,108
Aaro,crime,4.5,0,120
Little Jaffna,crime,6.9,0,100
Dickweed,crime,7.1,0,90
Meitantei Conan Bâsasu Kaitô Kiddo,crime,6.2,0,81
Dengeler,crime,5.8,0,123
Cafe 404,crime,7.1,0,93
Dark Deceptions,crime,6.2,0,82
Road to Terzetto,crime,7.3,0,96
"Fallen Leaves, Broken Lighters",crime,7.7,0,96
The Bottom Line,crime,7.0,0,107
Blood and Black,crime,8.1,0,88
7vens Law,crime,9.4,0,68
Maloney - Die ersten drei haarsträubenden Fälle,crime,6.7,0,98
Whatever It Takes,crime,8.3,0,93
Valleyheart,crime,8.8,0,98
Blood Dried Hands,crime,5.2,0,115
Vallavan Vaguthadhada,crime,6.5,0,104
Los Justos,crime,6.4,0,79
Gossip to Die For,crime,5.3,0,94
Raja Rani,crime,9.3,0,134
G - 21 scener från Gottsunda,crime,7.0,0,80
Raavsaheb,crime,8.4,0,138
Chitram Choodara,crime,4.5,0,127
Gull Lake Vice II: The Delusion Continues,crime,8.2,0,0
Rhino Man,crime,8.8,0,96
Dark World,crime,4.5,0,135
Walk the Line,crime,5.5,0,115
Supplier Shankara,crime,9.3,0,163
Don't Love,crime,7.9,0,177
Villain - Life of a Gangster,crime,8.9,0,141
Myall Creek Day of Justice,crime,6.4,0,78
The Victims,crime,5.9,0,99
Shadows of Betrayal: Chronicles of Ian Blair,crime,7.3,0,65
Untouchable,crime,4.6,0,112
Thozhar Che Guevara,crime,5.1,0,120
Common Creed: Trafficking,crime,6.7,0,106
Break War,crime,2.4,0,86
Dream Lock,crime,8.6,0,100
Nelma Kodama: The Queen of Dirty Money,crime,5.5,0,94
The Stix,crime,7.1,0,123
"Bullets, Brothers and Blood",crime,7.8,0,85
Maven,crime,9.5,0,135
Muzhskoe slovo,crime,6.4,0,94
Insurance Jimmy,crime,6.9,0,110
DNA,crime,5.2,0,156
Koresha,crime,2.9,0,86
Hocus Focus,crime,7.9,0,85
Pungut,crime,6.7,0,100
Lorry Chapter-1,crime,5.8,0,183
Real Estate Sisters,crime,4.8,0,84
Salvajes,crime,5.7,0,90
Theppa Samudram,crime,7.4,0,133
Gde nashi dengi?,crime,9.5,0,76
Lesní vrah,crime,4.2,0,78
Mirza: Part 1 - Joker,crime,6.8,0,165
My Home Hero the Movie,crime,6.4,0,117
Tiempo de Pagar,crime,7.4,0,63
Opportunity,crime,9.1,0,96
The London Underground Killer,crime,4.7,0,91
Lipstick,crime,6.3,0,145
Rancor,crime,7.2,0,83
Niyathi,crime,6.8,0,113
La Tamalera,crime,8.2,0,115
Who Do You Trust?,crime,3.8,0,96
Siragan,crime,7.0,0,130
Dead Name,crime,9.0,0,84
Paarijathaparvam,crime,7.5,0,133
Laandhar,crime,4.1,0,117
Raktaksha,crime,8.4,0,118
Abnormal: Buas,crime,5.6,0,90
Aranam,crime,7.5,0,127
Crime Reel,crime,7.5,0,111
Ugravatara,crime,7.9,0,122
4N6,crime,9.7,0,117
Yathabhava,crime,8.3,0,127
The Burned Hand,crime,8.0,0,85
Bayamariya Brammai,crime,8.8,0,88
Jalandhara,crime,9.2,0,110
Jimmy's Friends,crime,7.0,0,94
Atlanta 10.02,crime,5.5,0,0
A Frozen Rage,crime,5.2,0,115
Angry Squad: Civil Servants & Seven Swindlers,crime,6.4,0,120
Jama,crime,6.3,0,71
The Deal,crime,8.8,0,130
What Lies Within,crime,5.3,0,90
ONENESS,crime,9.2,0,115
Thirsty for Likes,crime,4.0,0,0
The Real Story of January 6: Part 2 - The Long Road Home,crime,6.2,0,90
Shina,crime,7.5,0,98
Pink Butterfly,crime,5.8,0,109
Kaçkin,crime,8.0,0,104
Who Killed Angel Adams?,crime,6.2,0,76
5D,crime,8.8,0,129
Shades of Sapphire,crime,7.8,0,77
Kenda,crime,8.9,0,135
Novyy god v Beryozovke,crime,7.1,0,94
Dai jia fa de ren,crime,5.5,0,121
The Kills,crime,8.8,0,70
Oppa,crime,8.5,0,84
Abduction Chronicles,crime,8.6,0,126
SMB-plush presents trick or death,crime,8.8,0,120
The Dealer,crime,8.2,0,120
El Junior Del Patron,crime,8.2,0,92
Agontuk,crime,5.5,0,125
Give Me a Ride,crime,5.0,0,102
The AI Dharma Story,crime,3.2,0,89
Dheera Samrat,crime,9.8,0,123
Beauty Grace Malice,crime,7.7,0,81
AK47,crime,7.2,0,146
A Place Under the Sun,crime,9.2,0,110
Rangeli,crime,9.4,0,140
Ingu Mirugangal Vaazhum Idam,crime,6.2,0,108
Sharma & Ambani,crime,9.1,0,104
Pinnil Oral,crime,6.0,0,127
Mukhya Gamanika,crime,8.7,0,125
Jaspal,crime,7.3,0,106
All Suspects,crime,3.6,0,96
Sangharshana,crime,8.2,0,102
Grey Games,crime,7.5,0,121
Guxim,crime,7.7,0,75
The Housewife and the Hustler 2: The Reckoning,crime,6.5,0,94
Mudo Kannu,crime,7.2,0,100
Malam Pertobatan,crime,6.4,0,81
Spending Some Time Together,crime,6.9,0,146
Bond of Justice: Kizuna Part I - Encounter,crime,6.1,0,92
Slapes,crime,6.8,0,82
Downfall of the Crypto King (theatrical feature),crime,6.0,0,90
Der Wien-Krimi: Blind ermittelt - Tod im Palais,crime,6.7,0,88
Lealtad o Morir,crime,8.2,0,87
Blitz,crime,7.2,0,0
Vengeful,crime,6.1,0,100
Dawgz Life,crime,7.8,0,143
Conviction,crime,7.0,0,97
Killcon,crime,9.5,0,0
Namak,crime,4.5,0,75
Uno Sir,crime,6.4,0,106
Leha,crime,2.3,0,98
Mun Kaupunki,crime,6.6,0,105
Yaa Devi Sarva Bhuteshu,crime,8.7,0,119
Randa Ramphal,crime,8.5,0,70
Gally Gang Stars,crime,9.0,0,157
Duelo De Capos,crime,8.0,0,83
Runnin' from Wolves,crime,7.2,0,133
Los Hijos De Camelia y Emilio,crime,7.8,0,82
Full Clip for a Snitch,crime,3.9,0,75
Yurka,crime,4.0,0,85
No Loose Ends,crime,6.7,0,68
Water Mafia,crime,9.2,0,0
Po du xing dong,crime,6.8,0,79
A Valentine's Day,crime,8.4,0,126
Detroit Ransom,crime,6.4,0,76
Ata Nirjon Duporiya,crime,8.0,0,103
So It Goes,crime,3.3,0,77
Netru Indha Neram,crime,5.7,0,140
El Juego Del Poder,crime,8.0,0,95
Mina and the Radio Bandits,crime,7.3,0,110
Little Black Submarines,crime,6.9,0,123
El Cartel De Teresa,crime,8.0,0,96
Las Hermanas Del Cartel,crime,8.2,0,91
Nacida Para Vengar,crime,8.0,0,102
Beautifully Broken People,crime,8.7,0,75
Cageling,crime,5.9,0,69
"Milk, Rice, and the Blood",crime,9.2,0,0
